1MJ1000CM,__export__.product_attribute_line_127,__import__.1000,__import__.Screen,578,__import__.1MAJOR
,__export__.product_attribute_line_128,__import__.With,__import__.Micro,512,
,__export__.product_attribute_line_129,__import__.Polycarbonate,__import__.Type,3,
1MJ1000CMV,__export__.product_attribute_line_127,__import__.1000,__import__.Screen,578,__import__.1MAJOR
,__export__.product_attribute_line_128,__import__.With,__import__.Micro,512,
,__export__.product_attribute_line_129,__import__.Glass,__import__.Type,32,
1MJ1000SM,__export__.product_attribute_line_127,__import__.1000,__import__.Screen,578,__import__.1MAJOR
,__export__.product_attribute_line_128,__import__.Without,__import__.Micro,831,
,__export__.product_attribute_line_129,__import__.Polycarbonate,__import__.Type,3,
1MJ1000SMV,__export__.product_attribute_line_127,__import__.1000,__import__.Screen,578,__import__.1MAJOR
,__export__.product_attribute_line_128,__import__.Without,__import__.Micro,831,
,__export__.product_attribute_line_129,__import__.Glass,__import__.Type,32,
1MJ1200CM,__export__.product_attribute_line_127,__import__.1200,__import__.Screen,747,__import__.1MAJOR
,__export__.product_attribute_line_128,__import__.With,__import__.Micro,512,
,__export__.product_attribute_line_129,__import__.Polycarbonate,__import__.Type,3,
1MJ1200CMV,__export__.product_attribute_line_127,__import__.1200,__import__.Screen,747,__import__.1MAJOR
,__export__.product_attribute_line_128,__import__.With,__import__.Micro,512,
,__export__.product_attribute_line_129,__import__.Glass,__import__.Type,32,
1MJ1200SM,__export__.product_attribute_line_127,__import__.1200,__import__.Screen,747,__import__.1MAJOR
,__export__.product_attribute_line_128,__import__.Without,__import__.Micro,831,
,__export__.product_attribute_line_129,__import__.Polycarbonate,__import__.Type,3,
1MJ1200SMV,__export__.product_attribute_line_127,__import__.1200,__import__.Screen,747,__import__.1MAJOR
,__export__.product_attribute_line_128,__import__.Without,__import__.Micro,831,
,__export__.product_attribute_line_129,__import__.Glass,__import__.Type,32,
1MJ1500CM,__export__.product_attribute_line_127,__import__.1500,__import__.Screen,262,__import__.1MAJOR
,__export__.product_attribute_line_128,__import__.With,__import__.Micro,512,
,__export__.product_attribute_line_129,__import__.Polycarbonate,__import__.Type,3,
1MJ1500CMV,__export__.product_attribute_line_127,__import__.1500,__import__.Screen,262,__import__.1MAJOR
,__export__.product_attribute_line_128,__import__.With,__import__.Micro,512,
,__export__.product_attribute_line_129,__import__.Glass,__import__.Type,32,
1MJ1500SM,__export__.product_attribute_line_127,__import__.1500,__import__.Screen,262,__import__.1MAJOR
,__export__.product_attribute_line_128,__import__.Without,__import__.Micro,831,
,__export__.product_attribute_line_129,__import__.Polycarbonate,__import__.Type,3,
1MJ1500SMV,__export__.product_attribute_line_127,__import__.1500,__import__.Screen,262,__import__.1MAJOR
,__export__.product_attribute_line_128,__import__.Without,__import__.Micro,831,
,__export__.product_attribute_line_129,__import__.Glass,__import__.Type,32,
1MJ700CM,__export__.product_attribute_line_127,__import__.700,__import__.Screen,804,__import__.1MAJOR
,__export__.product_attribute_line_128,__import__.With,__import__.Micro,512,
,__export__.product_attribute_line_129,__import__.Polycarbonate,__import__.Type,3,
1MJ700CMV,__export__.product_attribute_line_127,__import__.700,__import__.Screen,804,__import__.1MAJOR
,__export__.product_attribute_line_128,__import__.With,__import__.Micro,512,
,__export__.product_attribute_line_129,__import__.Glass,__import__.Type,32,
1MJ700SM,__export__.product_attribute_line_127,__import__.700,__import__.Screen,804,__import__.1MAJOR
,__export__.product_attribute_line_128,__import__.Without,__import__.Micro,831,
,__export__.product_attribute_line_129,__import__.Polycarbonate,__import__.Type,3,
1MJ700SMV,__export__.product_attribute_line_127,__import__.700,__import__.Screen,804,__import__.1MAJOR
,__export__.product_attribute_line_128,__import__.Without,__import__.Micro,831,
,__export__.product_attribute_line_129,__import__.Glass,__import__.Type,32,
1MJ800CM,__export__.product_attribute_line_127,__import__.800,__import__.Screen,616,__import__.1MAJOR
,__export__.product_attribute_line_128,__import__.With,__import__.Micro,512,
,__export__.product_attribute_line_129,__import__.Polycarbonate,__import__.Type,3,
1MJ800CMV,__export__.product_attribute_line_127,__import__.800,__import__.Screen,616,__import__.1MAJOR
,__export__.product_attribute_line_128,__import__.With,__import__.Micro,512,
,__export__.product_attribute_line_129,__import__.Glass,__import__.Type,32,
1MJ800SM,__export__.product_attribute_line_127,__import__.800,__import__.Screen,616,__import__.1MAJOR
,__export__.product_attribute_line_128,__import__.Without,__import__.Micro,831,
,__export__.product_attribute_line_129,__import__.Polycarbonate,__import__.Type,3,
1MJ800SMV,__export__.product_attribute_line_127,__import__.800,__import__.Screen,616,__import__.1MAJOR
,__export__.product_attribute_line_128,__import__.Without,__import__.Micro,831,
,__export__.product_attribute_line_129,__import__.Glass,__import__.Type,32,
