"Internal Reference","Product Template/ID","Attribute Values/Attribute Value/ID","Attribute Values/Attribute/ID","Vendors/ID","Vendors/Delivery Lead Time","Vendors/Currency/ID","Vendors/Price","Vendors/Quantity","Vendors/Vendor/ID"
"UMSY800-452","__import__.UMSY_800","__import__.TT_With","__import__.TT","","","","","",""
"","","__import__.MTT_With","__import__.MTT","","","","","",""
"","","__import__.CC_With","__import__.CC","","","","","",""
"","","__import__.HV_Without","__import__.HV","","","","","",""
"","","__import__.HBT_Without","__import__.HBT","","","","","",""
"","","__import__.HVHBT_Without","__import__.HV_AND_HBT","","","","","",""
"","","__import__.HTC_Without","__import__.HYDRAULIC_TOP_CLAMPING","","","","","",""
"","","__import__.DCS_With","__import__.DEVIATION_CS","","","","","",""
"","","__import__.QAPPRS_With","__import__.QUICK_APPR_SYST","","","","","",""
"UMSY800-453","__import__.UMSY_800","__import__.TT_With","__import__.TT","","","","","",""
"","","__import__.MTT_With","__import__.MTT","","","","","",""
"","","__import__.CC_With","__import__.CC","","","","","",""
"","","__import__.HV_Without","__import__.HV","","","","","",""
"","","__import__.HBT_Without","__import__.HBT","","","","","",""
"","","__import__.HVHBT_Without","__import__.HV_AND_HBT","","","","","",""
"","","__import__.HTC_With","__import__.HYDRAULIC_TOP_CLAMPING","","","","","",""
"","","__import__.DCS_Without","__import__.DEVIATION_CS","","","","","",""
"","","__import__.QAPPRS_Without","__import__.QUICK_APPR_SYST","","","","","",""
"UMSY800-454","__import__.UMSY_800","__import__.TT_With","__import__.TT","","","","","",""
"","","__import__.MTT_With","__import__.MTT","","","","","",""
"","","__import__.CC_With","__import__.CC","","","","","",""
"","","__import__.HV_Without","__import__.HV","","","","","",""
"","","__import__.HBT_Without","__import__.HBT","","","","","",""
"","","__import__.HVHBT_Without","__import__.HV_AND_HBT","","","","","",""
"","","__import__.HTC_With","__import__.HYDRAULIC_TOP_CLAMPING","","","","","",""
"","","__import__.DCS_Without","__import__.DEVIATION_CS","","","","","",""
"","","__import__.QAPPRS_With","__import__.QUICK_APPR_SYST","","","","","",""
"UMSY800-455","__import__.UMSY_800","__import__.TT_With","__import__.TT","","","","","",""
"","","__import__.MTT_With","__import__.MTT","","","","","",""
"","","__import__.CC_With","__import__.CC","","","","","",""
"","","__import__.HV_Without","__import__.HV","","","","","",""
"","","__import__.HBT_Without","__import__.HBT","","","","","",""
"","","__import__.HVHBT_Without","__import__.HV_AND_HBT","","","","","",""
"","","__import__.HTC_With","__import__.HYDRAULIC_TOP_CLAMPING","","","","","",""
"","","__import__.DCS_With","__import__.DEVIATION_CS","","","","","",""
"","","__import__.QAPPRS_Without","__import__.QUICK_APPR_SYST","","","","","",""
"UMSY800-456","__import__.UMSY_800","__import__.TT_With","__import__.TT","","","","","",""
"","","__import__.MTT_With","__import__.MTT","","","","","",""
"","","__import__.CC_With","__import__.CC","","","","","",""
"","","__import__.HV_Without","__import__.HV","","","","","",""
"","","__import__.HBT_Without","__import__.HBT","","","","","",""
"","","__import__.HVHBT_Without","__import__.HV_AND_HBT","","","","","",""
"","","__import__.HTC_With","__import__.HYDRAULIC_TOP_CLAMPING","","","","","",""
"","","__import__.DCS_With","__import__.DEVIATION_CS","","","","","",""
"","","__import__.QAPPRS_With","__import__.QUICK_APPR_SYST","","","","","",""
"UMSY800-457","__import__.UMSY_800","__import__.TT_With","__import__.TT","","","","","",""
"","","__import__.MTT_With","__import__.MTT","","","","","",""
"","","__import__.CC_With","__import__.CC","","","","","",""
"","","__import__.HV_Without","__import__.HV","","","","","",""
"","","__import__.HBT_Without","__import__.HBT","","","","","",""
"","","__import__.HVHBT_With","__import__.HV_AND_HBT","","","","","",""
"","","__import__.HTC_Without","__import__.HYDRAULIC_TOP_CLAMPING","","","","","",""
"","","__import__.DCS_Without","__import__.DEVIATION_CS","","","","","",""
"","","__import__.QAPPRS_Without","__import__.QUICK_APPR_SYST","","","","","",""
"UMSY800-458","__import__.UMSY_800","__import__.TT_With","__import__.TT","","","","","",""
"","","__import__.MTT_With","__import__.MTT","","","","","",""
"","","__import__.CC_With","__import__.CC","","","","","",""
"","","__import__.HV_Without","__import__.HV","","","","","",""
"","","__import__.HBT_Without","__import__.HBT","","","","","",""
"","","__import__.HVHBT_With","__import__.HV_AND_HBT","","","","","",""
"","","__import__.HTC_Without","__import__.HYDRAULIC_TOP_CLAMPING","","","","","",""
"","","__import__.DCS_Without","__import__.DEVIATION_CS","","","","","",""
"","","__import__.QAPPRS_With","__import__.QUICK_APPR_SYST","","","","","",""
"UMSY800-459","__import__.UMSY_800","__import__.TT_With","__import__.TT","","","","","",""
"","","__import__.MTT_With","__import__.MTT","","","","","",""
"","","__import__.CC_With","__import__.CC","","","","","",""
"","","__import__.HV_Without","__import__.HV","","","","","",""
"","","__import__.HBT_Without","__import__.HBT","","","","","",""
"","","__import__.HVHBT_With","__import__.HV_AND_HBT","","","","","",""
"","","__import__.HTC_Without","__import__.HYDRAULIC_TOP_CLAMPING","","","","","",""
"","","__import__.DCS_With","__import__.DEVIATION_CS","","","","","",""
"","","__import__.QAPPRS_Without","__import__.QUICK_APPR_SYST","","","","","",""
"UMSY800-46","__import__.UMSY_800","__import__.TT_Without","__import__.TT","","","","","",""
"","","__import__.MTT_Without","__import__.MTT","","","","","",""
"","","__import__.CC_Without","__import__.CC","","","","","",""
"","","__import__.HV_With","__import__.HV","","","","","",""
"","","__import__.HBT_Without","__import__.HBT","","","","","",""
"","","__import__.HVHBT_With","__import__.HV_AND_HBT","","","","","",""
"","","__import__.HTC_With","__import__.HYDRAULIC_TOP_CLAMPING","","","","","",""
"","","__import__.DCS_Without","__import__.DEVIATION_CS","","","","","",""
"","","__import__.QAPPRS_With","__import__.QUICK_APPR_SYST","","","","","",""
"UMSY800-460","__import__.UMSY_800","__import__.TT_With","__import__.TT","","","","","",""
"","","__import__.MTT_With","__import__.MTT","","","","","",""
"","","__import__.CC_With","__import__.CC","","","","","",""
"","","__import__.HV_Without","__import__.HV","","","","","",""
"","","__import__.HBT_Without","__import__.HBT","","","","","",""
"","","__import__.HVHBT_With","__import__.HV_AND_HBT","","","","","",""
"","","__import__.HTC_Without","__import__.HYDRAULIC_TOP_CLAMPING","","","","","",""
"","","__import__.DCS_With","__import__.DEVIATION_CS","","","","","",""
"","","__import__.QAPPRS_With","__import__.QUICK_APPR_SYST","","","","","",""
"UMSY800-461","__import__.UMSY_800","__import__.TT_With","__import__.TT","","","","","",""
"","","__import__.MTT_With","__import__.MTT","","","","","",""
"","","__import__.CC_With","__import__.CC","","","","","",""
"","","__import__.HV_Without","__import__.HV","","","","","",""
"","","__import__.HBT_Without","__import__.HBT","","","","","",""
"","","__import__.HVHBT_With","__import__.HV_AND_HBT","","","","","",""
"","","__import__.HTC_With","__import__.HYDRAULIC_TOP_CLAMPING","","","","","",""
"","","__import__.DCS_Without","__import__.DEVIATION_CS","","","","","",""
"","","__import__.QAPPRS_Without","__import__.QUICK_APPR_SYST","","","","","",""
"UMSY800-462","__import__.UMSY_800","__import__.TT_With","__import__.TT","","","","","",""
"","","__import__.MTT_With","__import__.MTT","","","","","",""
"","","__import__.CC_With","__import__.CC","","","","","",""
"","","__import__.HV_Without","__import__.HV","","","","","",""
"","","__import__.HBT_Without","__import__.HBT","","","","","",""
"","","__import__.HVHBT_With","__import__.HV_AND_HBT","","","","","",""
"","","__import__.HTC_With","__import__.HYDRAULIC_TOP_CLAMPING","","","","","",""
"","","__import__.DCS_Without","__import__.DEVIATION_CS","","","","","",""
"","","__import__.QAPPRS_With","__import__.QUICK_APPR_SYST","","","","","",""
"UMSY800-463","__import__.UMSY_800","__import__.TT_With","__import__.TT","","","","","",""
"","","__import__.MTT_With","__import__.MTT","","","","","",""
"","","__import__.CC_With","__import__.CC","","","","","",""
"","","__import__.HV_Without","__import__.HV","","","","","",""
"","","__import__.HBT_Without","__import__.HBT","","","","","",""
"","","__import__.HVHBT_With","__import__.HV_AND_HBT","","","","","",""
"","","__import__.HTC_With","__import__.HYDRAULIC_TOP_CLAMPING","","","","","",""
"","","__import__.DCS_With","__import__.DEVIATION_CS","","","","","",""
"","","__import__.QAPPRS_Without","__import__.QUICK_APPR_SYST","","","","","",""
"UMSY800-464","__import__.UMSY_800","__import__.TT_With","__import__.TT","","","","","",""
"","","__import__.MTT_With","__import__.MTT","","","","","",""
"","","__import__.CC_With","__import__.CC","","","","","",""
"","","__import__.HV_Without","__import__.HV","","","","","",""
"","","__import__.HBT_Without","__import__.HBT","","","","","",""
"","","__import__.HVHBT_With","__import__.HV_AND_HBT","","","","","",""
"","","__import__.HTC_With","__import__.HYDRAULIC_TOP_CLAMPING","","","","","",""
"","","__import__.DCS_With","__import__.DEVIATION_CS","","","","","",""
"","","__import__.QAPPRS_With","__import__.QUICK_APPR_SYST","","","","","",""
"UMSY800-465","__import__.UMSY_800","__import__.TT_With","__import__.TT","","","","","",""
"","","__import__.MTT_With","__import__.MTT","","","","","",""
"","","__import__.CC_With","__import__.CC","","","","","",""
"","","__import__.HV_Without","__import__.HV","","","","","",""
"","","__import__.HBT_With","__import__.HBT","","","","","",""
"","","__import__.HVHBT_Without","__import__.HV_AND_HBT","","","","","",""
"","","__import__.HTC_Without","__import__.HYDRAULIC_TOP_CLAMPING","","","","","",""
"","","__import__.DCS_Without","__import__.DEVIATION_CS","","","","","",""
"","","__import__.QAPPRS_Without","__import__.QUICK_APPR_SYST","","","","","",""
"UMSY800-466","__import__.UMSY_800","__import__.TT_With","__import__.TT","","","","","",""
"","","__import__.MTT_With","__import__.MTT","","","","","",""
"","","__import__.CC_With","__import__.CC","","","","","",""
"","","__import__.HV_Without","__import__.HV","","","","","",""
"","","__import__.HBT_With","__import__.HBT","","","","","",""
"","","__import__.HVHBT_Without","__import__.HV_AND_HBT","","","","","",""
"","","__import__.HTC_Without","__import__.HYDRAULIC_TOP_CLAMPING","","","","","",""
"","","__import__.DCS_Without","__import__.DEVIATION_CS","","","","","",""
"","","__import__.QAPPRS_With","__import__.QUICK_APPR_SYST","","","","","",""
"UMSY800-467","__import__.UMSY_800","__import__.TT_With","__import__.TT","","","","","",""
"","","__import__.MTT_With","__import__.MTT","","","","","",""
"","","__import__.CC_With","__import__.CC","","","","","",""
"","","__import__.HV_Without","__import__.HV","","","","","",""
"","","__import__.HBT_With","__import__.HBT","","","","","",""
"","","__import__.HVHBT_Without","__import__.HV_AND_HBT","","","","","",""
"","","__import__.HTC_Without","__import__.HYDRAULIC_TOP_CLAMPING","","","","","",""
"","","__import__.DCS_With","__import__.DEVIATION_CS","","","","","",""
"","","__import__.QAPPRS_Without","__import__.QUICK_APPR_SYST","","","","","",""
"UMSY800-468","__import__.UMSY_800","__import__.TT_With","__import__.TT","","","","","",""
"","","__import__.MTT_With","__import__.MTT","","","","","",""
"","","__import__.CC_With","__import__.CC","","","","","",""
"","","__import__.HV_Without","__import__.HV","","","","","",""
"","","__import__.HBT_With","__import__.HBT","","","","","",""
"","","__import__.HVHBT_Without","__import__.HV_AND_HBT","","","","","",""
"","","__import__.HTC_Without","__import__.HYDRAULIC_TOP_CLAMPING","","","","","",""
"","","__import__.DCS_With","__import__.DEVIATION_CS","","","","","",""
"","","__import__.QAPPRS_With","__import__.QUICK_APPR_SYST","","","","","",""
"UMSY800-469","__import__.UMSY_800","__import__.TT_With","__import__.TT","","","","","",""
"","","__import__.MTT_With","__import__.MTT","","","","","",""
"","","__import__.CC_With","__import__.CC","","","","","",""
"","","__import__.HV_Without","__import__.HV","","","","","",""
"","","__import__.HBT_With","__import__.HBT","","","","","",""
"","","__import__.HVHBT_Without","__import__.HV_AND_HBT","","","","","",""
"","","__import__.HTC_With","__import__.HYDRAULIC_TOP_CLAMPING","","","","","",""
"","","__import__.DCS_Without","__import__.DEVIATION_CS","","","","","",""
"","","__import__.QAPPRS_Without","__import__.QUICK_APPR_SYST","","","","","",""
"UMSY800-47","__import__.UMSY_800","__import__.TT_Without","__import__.TT","","","","","",""
"","","__import__.MTT_Without","__import__.MTT","","","","","",""
"","","__import__.CC_Without","__import__.CC","","","","","",""
"","","__import__.HV_With","__import__.HV","","","","","",""
"","","__import__.HBT_Without","__import__.HBT","","","","","",""
"","","__import__.HVHBT_With","__import__.HV_AND_HBT","","","","","",""
"","","__import__.HTC_With","__import__.HYDRAULIC_TOP_CLAMPING","","","","","",""
"","","__import__.DCS_With","__import__.DEVIATION_CS","","","","","",""
"","","__import__.QAPPRS_Without","__import__.QUICK_APPR_SYST","","","","","",""
"UMSY800-470","__import__.UMSY_800","__import__.TT_With","__import__.TT","","","","","",""
"","","__import__.MTT_With","__import__.MTT","","","","","",""
"","","__import__.CC_With","__import__.CC","","","","","",""
"","","__import__.HV_Without","__import__.HV","","","","","",""
"","","__import__.HBT_With","__import__.HBT","","","","","",""
"","","__import__.HVHBT_Without","__import__.HV_AND_HBT","","","","","",""
"","","__import__.HTC_With","__import__.HYDRAULIC_TOP_CLAMPING","","","","","",""
"","","__import__.DCS_Without","__import__.DEVIATION_CS","","","","","",""
"","","__import__.QAPPRS_With","__import__.QUICK_APPR_SYST","","","","","",""
"UMSY800-471","__import__.UMSY_800","__import__.TT_With","__import__.TT","","","","","",""
"","","__import__.MTT_With","__import__.MTT","","","","","",""
"","","__import__.CC_With","__import__.CC","","","","","",""
"","","__import__.HV_Without","__import__.HV","","","","","",""
"","","__import__.HBT_With","__import__.HBT","","","","","",""
"","","__import__.HVHBT_Without","__import__.HV_AND_HBT","","","","","",""
"","","__import__.HTC_With","__import__.HYDRAULIC_TOP_CLAMPING","","","","","",""
"","","__import__.DCS_With","__import__.DEVIATION_CS","","","","","",""
"","","__import__.QAPPRS_Without","__import__.QUICK_APPR_SYST","","","","","",""
"UMSY800-472","__import__.UMSY_800","__import__.TT_With","__import__.TT","","","","","",""
"","","__import__.MTT_With","__import__.MTT","","","","","",""
"","","__import__.CC_With","__import__.CC","","","","","",""
"","","__import__.HV_Without","__import__.HV","","","","","",""
"","","__import__.HBT_With","__import__.HBT","","","","","",""
"","","__import__.HVHBT_Without","__import__.HV_AND_HBT","","","","","",""
"","","__import__.HTC_With","__import__.HYDRAULIC_TOP_CLAMPING","","","","","",""
"","","__import__.DCS_With","__import__.DEVIATION_CS","","","","","",""
"","","__import__.QAPPRS_With","__import__.QUICK_APPR_SYST","","","","","",""
"UMSY800-473","__import__.UMSY_800","__import__.TT_With","__import__.TT","","","","","",""
"","","__import__.MTT_With","__import__.MTT","","","","","",""
"","","__import__.CC_With","__import__.CC","","","","","",""
"","","__import__.HV_Without","__import__.HV","","","","","",""
"","","__import__.HBT_With","__import__.HBT","","","","","",""
"","","__import__.HVHBT_With","__import__.HV_AND_HBT","","","","","",""
"","","__import__.HTC_Without","__import__.HYDRAULIC_TOP_CLAMPING","","","","","",""
"","","__import__.DCS_Without","__import__.DEVIATION_CS","","","","","",""
"","","__import__.QAPPRS_Without","__import__.QUICK_APPR_SYST","","","","","",""
"UMSY800-474","__import__.UMSY_800","__import__.TT_With","__import__.TT","","","","","",""
"","","__import__.MTT_With","__import__.MTT","","","","","",""
"","","__import__.CC_With","__import__.CC","","","","","",""
"","","__import__.HV_Without","__import__.HV","","","","","",""
"","","__import__.HBT_With","__import__.HBT","","","","","",""
"","","__import__.HVHBT_With","__import__.HV_AND_HBT","","","","","",""
"","","__import__.HTC_Without","__import__.HYDRAULIC_TOP_CLAMPING","","","","","",""
"","","__import__.DCS_Without","__import__.DEVIATION_CS","","","","","",""
"","","__import__.QAPPRS_With","__import__.QUICK_APPR_SYST","","","","","",""
"UMSY800-475","__import__.UMSY_800","__import__.TT_With","__import__.TT","","","","","",""
"","","__import__.MTT_With","__import__.MTT","","","","","",""
"","","__import__.CC_With","__import__.CC","","","","","",""
"","","__import__.HV_Without","__import__.HV","","","","","",""
"","","__import__.HBT_With","__import__.HBT","","","","","",""
"","","__import__.HVHBT_With","__import__.HV_AND_HBT","","","","","",""
"","","__import__.HTC_Without","__import__.HYDRAULIC_TOP_CLAMPING","","","","","",""
"","","__import__.DCS_With","__import__.DEVIATION_CS","","","","","",""
"","","__import__.QAPPRS_Without","__import__.QUICK_APPR_SYST","","","","","",""
"UMSY800-476","__import__.UMSY_800","__import__.TT_With","__import__.TT","","","","","",""
"","","__import__.MTT_With","__import__.MTT","","","","","",""
"","","__import__.CC_With","__import__.CC","","","","","",""
"","","__import__.HV_Without","__import__.HV","","","","","",""
"","","__import__.HBT_With","__import__.HBT","","","","","",""
"","","__import__.HVHBT_With","__import__.HV_AND_HBT","","","","","",""
"","","__import__.HTC_Without","__import__.HYDRAULIC_TOP_CLAMPING","","","","","",""
"","","__import__.DCS_With","__import__.DEVIATION_CS","","","","","",""
"","","__import__.QAPPRS_With","__import__.QUICK_APPR_SYST","","","","","",""
"UMSY800-477","__import__.UMSY_800","__import__.TT_With","__import__.TT","","","","","",""
"","","__import__.MTT_With","__import__.MTT","","","","","",""
"","","__import__.CC_With","__import__.CC","","","","","",""
"","","__import__.HV_Without","__import__.HV","","","","","",""
"","","__import__.HBT_With","__import__.HBT","","","","","",""
"","","__import__.HVHBT_With","__import__.HV_AND_HBT","","","","","",""
"","","__import__.HTC_With","__import__.HYDRAULIC_TOP_CLAMPING","","","","","",""
"","","__import__.DCS_Without","__import__.DEVIATION_CS","","","","","",""
"","","__import__.QAPPRS_Without","__import__.QUICK_APPR_SYST","","","","","",""
"UMSY800-478","__import__.UMSY_800","__import__.TT_With","__import__.TT","","","","","",""
"","","__import__.MTT_With","__import__.MTT","","","","","",""
"","","__import__.CC_With","__import__.CC","","","","","",""
"","","__import__.HV_Without","__import__.HV","","","","","",""
"","","__import__.HBT_With","__import__.HBT","","","","","",""
"","","__import__.HVHBT_With","__import__.HV_AND_HBT","","","","","",""
"","","__import__.HTC_With","__import__.HYDRAULIC_TOP_CLAMPING","","","","","",""
"","","__import__.DCS_Without","__import__.DEVIATION_CS","","","","","",""
"","","__import__.QAPPRS_With","__import__.QUICK_APPR_SYST","","","","","",""
"UMSY800-479","__import__.UMSY_800","__import__.TT_With","__import__.TT","","","","","",""
"","","__import__.MTT_With","__import__.MTT","","","","","",""
"","","__import__.CC_With","__import__.CC","","","","","",""
"","","__import__.HV_Without","__import__.HV","","","","","",""
"","","__import__.HBT_With","__import__.HBT","","","","","",""
"","","__import__.HVHBT_With","__import__.HV_AND_HBT","","","","","",""
"","","__import__.HTC_With","__import__.HYDRAULIC_TOP_CLAMPING","","","","","",""
"","","__import__.DCS_With","__import__.DEVIATION_CS","","","","","",""
"","","__import__.QAPPRS_Without","__import__.QUICK_APPR_SYST","","","","","",""
"UMSY800-48","__import__.UMSY_800","__import__.TT_Without","__import__.TT","","","","","",""
"","","__import__.MTT_Without","__import__.MTT","","","","","",""
"","","__import__.CC_Without","__import__.CC","","","","","",""
"","","__import__.HV_With","__import__.HV","","","","","",""
"","","__import__.HBT_Without","__import__.HBT","","","","","",""
"","","__import__.HVHBT_With","__import__.HV_AND_HBT","","","","","",""
"","","__import__.HTC_With","__import__.HYDRAULIC_TOP_CLAMPING","","","","","",""
"","","__import__.DCS_With","__import__.DEVIATION_CS","","","","","",""
"","","__import__.QAPPRS_With","__import__.QUICK_APPR_SYST","","","","","",""
"UMSY800-480","__import__.UMSY_800","__import__.TT_With","__import__.TT","","","","","",""
"","","__import__.MTT_With","__import__.MTT","","","","","",""
"","","__import__.CC_With","__import__.CC","","","","","",""
"","","__import__.HV_Without","__import__.HV","","","","","",""
"","","__import__.HBT_With","__import__.HBT","","","","","",""
"","","__import__.HVHBT_With","__import__.HV_AND_HBT","","","","","",""
"","","__import__.HTC_With","__import__.HYDRAULIC_TOP_CLAMPING","","","","","",""
"","","__import__.DCS_With","__import__.DEVIATION_CS","","","","","",""
"","","__import__.QAPPRS_With","__import__.QUICK_APPR_SYST","","","","","",""
"UMSY800-481","__import__.UMSY_800","__import__.TT_With","__import__.TT","","","","","",""
"","","__import__.MTT_With","__import__.MTT","","","","","",""
"","","__import__.CC_With","__import__.CC","","","","","",""
"","","__import__.HV_With","__import__.HV","","","","","",""
"","","__import__.HBT_Without","__import__.HBT","","","","","",""
"","","__import__.HVHBT_Without","__import__.HV_AND_HBT","","","","","",""
"","","__import__.HTC_Without","__import__.HYDRAULIC_TOP_CLAMPING","","","","","",""
"","","__import__.DCS_Without","__import__.DEVIATION_CS","","","","","",""
"","","__import__.QAPPRS_Without","__import__.QUICK_APPR_SYST","","","","","",""
"UMSY800-482","__import__.UMSY_800","__import__.TT_With","__import__.TT","","","","","",""
"","","__import__.MTT_With","__import__.MTT","","","","","",""
"","","__import__.CC_With","__import__.CC","","","","","",""
"","","__import__.HV_With","__import__.HV","","","","","",""
"","","__import__.HBT_Without","__import__.HBT","","","","","",""
"","","__import__.HVHBT_Without","__import__.HV_AND_HBT","","","","","",""
"","","__import__.HTC_Without","__import__.HYDRAULIC_TOP_CLAMPING","","","","","",""
"","","__import__.DCS_Without","__import__.DEVIATION_CS","","","","","",""
"","","__import__.QAPPRS_With","__import__.QUICK_APPR_SYST","","","","","",""
"UMSY800-483","__import__.UMSY_800","__import__.TT_With","__import__.TT","","","","","",""
"","","__import__.MTT_With","__import__.MTT","","","","","",""
"","","__import__.CC_With","__import__.CC","","","","","",""
"","","__import__.HV_With","__import__.HV","","","","","",""
"","","__import__.HBT_Without","__import__.HBT","","","","","",""
"","","__import__.HVHBT_Without","__import__.HV_AND_HBT","","","","","",""
"","","__import__.HTC_Without","__import__.HYDRAULIC_TOP_CLAMPING","","","","","",""
"","","__import__.DCS_With","__import__.DEVIATION_CS","","","","","",""
"","","__import__.QAPPRS_Without","__import__.QUICK_APPR_SYST","","","","","",""
"UMSY800-484","__import__.UMSY_800","__import__.TT_With","__import__.TT","","","","","",""
"","","__import__.MTT_With","__import__.MTT","","","","","",""
"","","__import__.CC_With","__import__.CC","","","","","",""
"","","__import__.HV_With","__import__.HV","","","","","",""
"","","__import__.HBT_Without","__import__.HBT","","","","","",""
"","","__import__.HVHBT_Without","__import__.HV_AND_HBT","","","","","",""
"","","__import__.HTC_Without","__import__.HYDRAULIC_TOP_CLAMPING","","","","","",""
"","","__import__.DCS_With","__import__.DEVIATION_CS","","","","","",""
"","","__import__.QAPPRS_With","__import__.QUICK_APPR_SYST","","","","","",""
"UMSY800-485","__import__.UMSY_800","__import__.TT_With","__import__.TT","","","","","",""
"","","__import__.MTT_With","__import__.MTT","","","","","",""
"","","__import__.CC_With","__import__.CC","","","","","",""
"","","__import__.HV_With","__import__.HV","","","","","",""
"","","__import__.HBT_Without","__import__.HBT","","","","","",""
"","","__import__.HVHBT_Without","__import__.HV_AND_HBT","","","","","",""
"","","__import__.HTC_With","__import__.HYDRAULIC_TOP_CLAMPING","","","","","",""
"","","__import__.DCS_Without","__import__.DEVIATION_CS","","","","","",""
"","","__import__.QAPPRS_Without","__import__.QUICK_APPR_SYST","","","","","",""
"UMSY800-486","__import__.UMSY_800","__import__.TT_With","__import__.TT","","","","","",""
"","","__import__.MTT_With","__import__.MTT","","","","","",""
"","","__import__.CC_With","__import__.CC","","","","","",""
"","","__import__.HV_With","__import__.HV","","","","","",""
"","","__import__.HBT_Without","__import__.HBT","","","","","",""
"","","__import__.HVHBT_Without","__import__.HV_AND_HBT","","","","","",""
"","","__import__.HTC_With","__import__.HYDRAULIC_TOP_CLAMPING","","","","","",""
"","","__import__.DCS_Without","__import__.DEVIATION_CS","","","","","",""
"","","__import__.QAPPRS_With","__import__.QUICK_APPR_SYST","","","","","",""
"UMSY800-487","__import__.UMSY_800","__import__.TT_With","__import__.TT","","","","","",""
"","","__import__.MTT_With","__import__.MTT","","","","","",""
"","","__import__.CC_With","__import__.CC","","","","","",""
"","","__import__.HV_With","__import__.HV","","","","","",""
"","","__import__.HBT_Without","__import__.HBT","","","","","",""
"","","__import__.HVHBT_Without","__import__.HV_AND_HBT","","","","","",""
"","","__import__.HTC_With","__import__.HYDRAULIC_TOP_CLAMPING","","","","","",""
"","","__import__.DCS_With","__import__.DEVIATION_CS","","","","","",""
"","","__import__.QAPPRS_Without","__import__.QUICK_APPR_SYST","","","","","",""
"UMSY800-488","__import__.UMSY_800","__import__.TT_With","__import__.TT","","","","","",""
"","","__import__.MTT_With","__import__.MTT","","","","","",""
"","","__import__.CC_With","__import__.CC","","","","","",""
"","","__import__.HV_With","__import__.HV","","","","","",""
"","","__import__.HBT_Without","__import__.HBT","","","","","",""
"","","__import__.HVHBT_Without","__import__.HV_AND_HBT","","","","","",""
"","","__import__.HTC_With","__import__.HYDRAULIC_TOP_CLAMPING","","","","","",""
"","","__import__.DCS_With","__import__.DEVIATION_CS","","","","","",""
"","","__import__.QAPPRS_With","__import__.QUICK_APPR_SYST","","","","","",""
"UMSY800-489","__import__.UMSY_800","__import__.TT_With","__import__.TT","","","","","",""
"","","__import__.MTT_With","__import__.MTT","","","","","",""
"","","__import__.CC_With","__import__.CC","","","","","",""
"","","__import__.HV_With","__import__.HV","","","","","",""
"","","__import__.HBT_Without","__import__.HBT","","","","","",""
"","","__import__.HVHBT_With","__import__.HV_AND_HBT","","","","","",""
"","","__import__.HTC_Without","__import__.HYDRAULIC_TOP_CLAMPING","","","","","",""
"","","__import__.DCS_Without","__import__.DEVIATION_CS","","","","","",""
"","","__import__.QAPPRS_Without","__import__.QUICK_APPR_SYST","","","","","",""
"UMSY800-49","__import__.UMSY_800","__import__.TT_Without","__import__.TT","","","","","",""
"","","__import__.MTT_Without","__import__.MTT","","","","","",""
"","","__import__.CC_Without","__import__.CC","","","","","",""
"","","__import__.HV_With","__import__.HV","","","","","",""
"","","__import__.HBT_With","__import__.HBT","","","","","",""
"","","__import__.HVHBT_Without","__import__.HV_AND_HBT","","","","","",""
"","","__import__.HTC_Without","__import__.HYDRAULIC_TOP_CLAMPING","","","","","",""
"","","__import__.DCS_Without","__import__.DEVIATION_CS","","","","","",""
"","","__import__.QAPPRS_Without","__import__.QUICK_APPR_SYST","","","","","",""
"UMSY800-490","__import__.UMSY_800","__import__.TT_With","__import__.TT","","","","","",""
"","","__import__.MTT_With","__import__.MTT","","","","","",""
"","","__import__.CC_With","__import__.CC","","","","","",""
"","","__import__.HV_With","__import__.HV","","","","","",""
"","","__import__.HBT_Without","__import__.HBT","","","","","",""
"","","__import__.HVHBT_With","__import__.HV_AND_HBT","","","","","",""
"","","__import__.HTC_Without","__import__.HYDRAULIC_TOP_CLAMPING","","","","","",""
"","","__import__.DCS_Without","__import__.DEVIATION_CS","","","","","",""
"","","__import__.QAPPRS_With","__import__.QUICK_APPR_SYST","","","","","",""
"UMSY800-491","__import__.UMSY_800","__import__.TT_With","__import__.TT","","","","","",""
"","","__import__.MTT_With","__import__.MTT","","","","","",""
"","","__import__.CC_With","__import__.CC","","","","","",""
"","","__import__.HV_With","__import__.HV","","","","","",""
"","","__import__.HBT_Without","__import__.HBT","","","","","",""
"","","__import__.HVHBT_With","__import__.HV_AND_HBT","","","","","",""
"","","__import__.HTC_Without","__import__.HYDRAULIC_TOP_CLAMPING","","","","","",""
"","","__import__.DCS_With","__import__.DEVIATION_CS","","","","","",""
"","","__import__.QAPPRS_Without","__import__.QUICK_APPR_SYST","","","","","",""
"UMSY800-492","__import__.UMSY_800","__import__.TT_With","__import__.TT","","","","","",""
"","","__import__.MTT_With","__import__.MTT","","","","","",""
"","","__import__.CC_With","__import__.CC","","","","","",""
"","","__import__.HV_With","__import__.HV","","","","","",""
"","","__import__.HBT_Without","__import__.HBT","","","","","",""
"","","__import__.HVHBT_With","__import__.HV_AND_HBT","","","","","",""
"","","__import__.HTC_Without","__import__.HYDRAULIC_TOP_CLAMPING","","","","","",""
"","","__import__.DCS_With","__import__.DEVIATION_CS","","","","","",""
"","","__import__.QAPPRS_With","__import__.QUICK_APPR_SYST","","","","","",""
"UMSY800-493","__import__.UMSY_800","__import__.TT_With","__import__.TT","","","","","",""
"","","__import__.MTT_With","__import__.MTT","","","","","",""
"","","__import__.CC_With","__import__.CC","","","","","",""
"","","__import__.HV_With","__import__.HV","","","","","",""
"","","__import__.HBT_Without","__import__.HBT","","","","","",""
"","","__import__.HVHBT_With","__import__.HV_AND_HBT","","","","","",""
"","","__import__.HTC_With","__import__.HYDRAULIC_TOP_CLAMPING","","","","","",""
"","","__import__.DCS_Without","__import__.DEVIATION_CS","","","","","",""
"","","__import__.QAPPRS_Without","__import__.QUICK_APPR_SYST","","","","","",""
"UMSY800-494","__import__.UMSY_800","__import__.TT_With","__import__.TT","","","","","",""
"","","__import__.MTT_With","__import__.MTT","","","","","",""
"","","__import__.CC_With","__import__.CC","","","","","",""
"","","__import__.HV_With","__import__.HV","","","","","",""
"","","__import__.HBT_Without","__import__.HBT","","","","","",""
"","","__import__.HVHBT_With","__import__.HV_AND_HBT","","","","","",""
"","","__import__.HTC_With","__import__.HYDRAULIC_TOP_CLAMPING","","","","","",""
"","","__import__.DCS_Without","__import__.DEVIATION_CS","","","","","",""
"","","__import__.QAPPRS_With","__import__.QUICK_APPR_SYST","","","","","",""
"UMSY800-495","__import__.UMSY_800","__import__.TT_With","__import__.TT","","","","","",""
"","","__import__.MTT_With","__import__.MTT","","","","","",""
"","","__import__.CC_With","__import__.CC","","","","","",""
"","","__import__.HV_With","__import__.HV","","","","","",""
"","","__import__.HBT_Without","__import__.HBT","","","","","",""
"","","__import__.HVHBT_With","__import__.HV_AND_HBT","","","","","",""
"","","__import__.HTC_With","__import__.HYDRAULIC_TOP_CLAMPING","","","","","",""
"","","__import__.DCS_With","__import__.DEVIATION_CS","","","","","",""
"","","__import__.QAPPRS_Without","__import__.QUICK_APPR_SYST","","","","","",""
"UMSY800-496","__import__.UMSY_800","__import__.TT_With","__import__.TT","","","","","",""
"","","__import__.MTT_With","__import__.MTT","","","","","",""
"","","__import__.CC_With","__import__.CC","","","","","",""
"","","__import__.HV_With","__import__.HV","","","","","",""
"","","__import__.HBT_Without","__import__.HBT","","","","","",""
"","","__import__.HVHBT_With","__import__.HV_AND_HBT","","","","","",""
"","","__import__.HTC_With","__import__.HYDRAULIC_TOP_CLAMPING","","","","","",""
"","","__import__.DCS_With","__import__.DEVIATION_CS","","","","","",""
"","","__import__.QAPPRS_With","__import__.QUICK_APPR_SYST","","","","","",""
"UMSY800-497","__import__.UMSY_800","__import__.TT_With","__import__.TT","","","","","",""
"","","__import__.MTT_With","__import__.MTT","","","","","",""
"","","__import__.CC_With","__import__.CC","","","","","",""
"","","__import__.HV_With","__import__.HV","","","","","",""
"","","__import__.HBT_With","__import__.HBT","","","","","",""
"","","__import__.HVHBT_Without","__import__.HV_AND_HBT","","","","","",""
"","","__import__.HTC_Without","__import__.HYDRAULIC_TOP_CLAMPING","","","","","",""
"","","__import__.DCS_Without","__import__.DEVIATION_CS","","","","","",""
"","","__import__.QAPPRS_Without","__import__.QUICK_APPR_SYST","","","","","",""
"UMSY800-498","__import__.UMSY_800","__import__.TT_With","__import__.TT","","","","","",""
"","","__import__.MTT_With","__import__.MTT","","","","","",""
"","","__import__.CC_With","__import__.CC","","","","","",""
"","","__import__.HV_With","__import__.HV","","","","","",""
"","","__import__.HBT_With","__import__.HBT","","","","","",""
"","","__import__.HVHBT_Without","__import__.HV_AND_HBT","","","","","",""
"","","__import__.HTC_Without","__import__.HYDRAULIC_TOP_CLAMPING","","","","","",""
"","","__import__.DCS_Without","__import__.DEVIATION_CS","","","","","",""
"","","__import__.QAPPRS_With","__import__.QUICK_APPR_SYST","","","","","",""
"UMSY800-499","__import__.UMSY_800","__import__.TT_With","__import__.TT","","","","","",""
"","","__import__.MTT_With","__import__.MTT","","","","","",""
"","","__import__.CC_With","__import__.CC","","","","","",""
"","","__import__.HV_With","__import__.HV","","","","","",""
"","","__import__.HBT_With","__import__.HBT","","","","","",""
"","","__import__.HVHBT_Without","__import__.HV_AND_HBT","","","","","",""
"","","__import__.HTC_Without","__import__.HYDRAULIC_TOP_CLAMPING","","","","","",""
"","","__import__.DCS_With","__import__.DEVIATION_CS","","","","","",""
"","","__import__.QAPPRS_Without","__import__.QUICK_APPR_SYST","","","","","",""
"UMSY800-5","__import__.UMSY_800","__import__.TT_Without","__import__.TT","","","","","",""
"","","__import__.MTT_Without","__import__.MTT","","","","","",""
"","","__import__.CC_Without","__import__.CC","","","","","",""
"","","__import__.HV_Without","__import__.HV","","","","","",""
"","","__import__.HBT_Without","__import__.HBT","","","","","",""
"","","__import__.HVHBT_Without","__import__.HV_AND_HBT","","","","","",""
"","","__import__.HTC_With","__import__.HYDRAULIC_TOP_CLAMPING","","","","","",""
"","","__import__.DCS_Without","__import__.DEVIATION_CS","","","","","",""
"","","__import__.QAPPRS_Without","__import__.QUICK_APPR_SYST","","","","","",""
"UMSY800-50","__import__.UMSY_800","__import__.TT_Without","__import__.TT","","","","","",""
"","","__import__.MTT_Without","__import__.MTT","","","","","",""
"","","__import__.CC_Without","__import__.CC","","","","","",""
"","","__import__.HV_With","__import__.HV","","","","","",""
"","","__import__.HBT_With","__import__.HBT","","","","","",""
"","","__import__.HVHBT_Without","__import__.HV_AND_HBT","","","","","",""
"","","__import__.HTC_Without","__import__.HYDRAULIC_TOP_CLAMPING","","","","","",""
"","","__import__.DCS_Without","__import__.DEVIATION_CS","","","","","",""
"","","__import__.QAPPRS_With","__import__.QUICK_APPR_SYST","","","","","",""
"UMSY800-500","__import__.UMSY_800","__import__.TT_With","__import__.TT","","","","","",""
"","","__import__.MTT_With","__import__.MTT","","","","","",""
"","","__import__.CC_With","__import__.CC","","","","","",""
"","","__import__.HV_With","__import__.HV","","","","","",""
"","","__import__.HBT_With","__import__.HBT","","","","","",""
"","","__import__.HVHBT_Without","__import__.HV_AND_HBT","","","","","",""
"","","__import__.HTC_Without","__import__.HYDRAULIC_TOP_CLAMPING","","","","","",""
"","","__import__.DCS_With","__import__.DEVIATION_CS","","","","","",""
"","","__import__.QAPPRS_With","__import__.QUICK_APPR_SYST","","","","","",""
"UMSY800-501","__import__.UMSY_800","__import__.TT_With","__import__.TT","","","","","",""
"","","__import__.MTT_With","__import__.MTT","","","","","",""
"","","__import__.CC_With","__import__.CC","","","","","",""
"","","__import__.HV_With","__import__.HV","","","","","",""
"","","__import__.HBT_With","__import__.HBT","","","","","",""
"","","__import__.HVHBT_Without","__import__.HV_AND_HBT","","","","","",""
"","","__import__.HTC_With","__import__.HYDRAULIC_TOP_CLAMPING","","","","","",""
"","","__import__.DCS_Without","__import__.DEVIATION_CS","","","","","",""
"","","__import__.QAPPRS_Without","__import__.QUICK_APPR_SYST","","","","","",""
"UMSY800-502","__import__.UMSY_800","__import__.TT_With","__import__.TT","","","","","",""
"","","__import__.MTT_With","__import__.MTT","","","","","",""
"","","__import__.CC_With","__import__.CC","","","","","",""
"","","__import__.HV_With","__import__.HV","","","","","",""
"","","__import__.HBT_With","__import__.HBT","","","","","",""
"","","__import__.HVHBT_Without","__import__.HV_AND_HBT","","","","","",""
"","","__import__.HTC_With","__import__.HYDRAULIC_TOP_CLAMPING","","","","","",""
"","","__import__.DCS_Without","__import__.DEVIATION_CS","","","","","",""
"","","__import__.QAPPRS_With","__import__.QUICK_APPR_SYST","","","","","",""
"UMSY800-503","__import__.UMSY_800","__import__.TT_With","__import__.TT","","","","","",""
"","","__import__.MTT_With","__import__.MTT","","","","","",""
"","","__import__.CC_With","__import__.CC","","","","","",""
"","","__import__.HV_With","__import__.HV","","","","","",""
"","","__import__.HBT_With","__import__.HBT","","","","","",""
"","","__import__.HVHBT_Without","__import__.HV_AND_HBT","","","","","",""
"","","__import__.HTC_With","__import__.HYDRAULIC_TOP_CLAMPING","","","","","",""
"","","__import__.DCS_With","__import__.DEVIATION_CS","","","","","",""
"","","__import__.QAPPRS_Without","__import__.QUICK_APPR_SYST","","","","","",""
"UMSY800-504","__import__.UMSY_800","__import__.TT_With","__import__.TT","","","","","",""
"","","__import__.MTT_With","__import__.MTT","","","","","",""
"","","__import__.CC_With","__import__.CC","","","","","",""
"","","__import__.HV_With","__import__.HV","","","","","",""
"","","__import__.HBT_With","__import__.HBT","","","","","",""
"","","__import__.HVHBT_Without","__import__.HV_AND_HBT","","","","","",""
"","","__import__.HTC_With","__import__.HYDRAULIC_TOP_CLAMPING","","","","","",""
"","","__import__.DCS_With","__import__.DEVIATION_CS","","","","","",""
"","","__import__.QAPPRS_With","__import__.QUICK_APPR_SYST","","","","","",""
"UMSY800-505","__import__.UMSY_800","__import__.TT_With","__import__.TT","","","","","",""
"","","__import__.MTT_With","__import__.MTT","","","","","",""
"","","__import__.CC_With","__import__.CC","","","","","",""
"","","__import__.HV_With","__import__.HV","","","","","",""
"","","__import__.HBT_With","__import__.HBT","","","","","",""
"","","__import__.HVHBT_With","__import__.HV_AND_HBT","","","","","",""
"","","__import__.HTC_Without","__import__.HYDRAULIC_TOP_CLAMPING","","","","","",""
"","","__import__.DCS_Without","__import__.DEVIATION_CS","","","","","",""
"","","__import__.QAPPRS_Without","__import__.QUICK_APPR_SYST","","","","","",""
"UMSY800-506","__import__.UMSY_800","__import__.TT_With","__import__.TT","","","","","",""
"","","__import__.MTT_With","__import__.MTT","","","","","",""
"","","__import__.CC_With","__import__.CC","","","","","",""
"","","__import__.HV_With","__import__.HV","","","","","",""
"","","__import__.HBT_With","__import__.HBT","","","","","",""
"","","__import__.HVHBT_With","__import__.HV_AND_HBT","","","","","",""
"","","__import__.HTC_Without","__import__.HYDRAULIC_TOP_CLAMPING","","","","","",""
"","","__import__.DCS_Without","__import__.DEVIATION_CS","","","","","",""
"","","__import__.QAPPRS_With","__import__.QUICK_APPR_SYST","","","","","",""
"UMSY800-507","__import__.UMSY_800","__import__.TT_With","__import__.TT","","","","","",""
"","","__import__.MTT_With","__import__.MTT","","","","","",""
"","","__import__.CC_With","__import__.CC","","","","","",""
"","","__import__.HV_With","__import__.HV","","","","","",""
"","","__import__.HBT_With","__import__.HBT","","","","","",""
"","","__import__.HVHBT_With","__import__.HV_AND_HBT","","","","","",""
"","","__import__.HTC_Without","__import__.HYDRAULIC_TOP_CLAMPING","","","","","",""
"","","__import__.DCS_With","__import__.DEVIATION_CS","","","","","",""
"","","__import__.QAPPRS_Without","__import__.QUICK_APPR_SYST","","","","","",""
"UMSY800-508","__import__.UMSY_800","__import__.TT_With","__import__.TT","","","","","",""
"","","__import__.MTT_With","__import__.MTT","","","","","",""
"","","__import__.CC_With","__import__.CC","","","","","",""
"","","__import__.HV_With","__import__.HV","","","","","",""
"","","__import__.HBT_With","__import__.HBT","","","","","",""
"","","__import__.HVHBT_With","__import__.HV_AND_HBT","","","","","",""
"","","__import__.HTC_Without","__import__.HYDRAULIC_TOP_CLAMPING","","","","","",""
"","","__import__.DCS_With","__import__.DEVIATION_CS","","","","","",""
"","","__import__.QAPPRS_With","__import__.QUICK_APPR_SYST","","","","","",""
"UMSY800-509","__import__.UMSY_800","__import__.TT_With","__import__.TT","","","","","",""
"","","__import__.MTT_With","__import__.MTT","","","","","",""
"","","__import__.CC_With","__import__.CC","","","","","",""
"","","__import__.HV_With","__import__.HV","","","","","",""
"","","__import__.HBT_With","__import__.HBT","","","","","",""
"","","__import__.HVHBT_With","__import__.HV_AND_HBT","","","","","",""
"","","__import__.HTC_With","__import__.HYDRAULIC_TOP_CLAMPING","","","","","",""
"","","__import__.DCS_Without","__import__.DEVIATION_CS","","","","","",""
"","","__import__.QAPPRS_Without","__import__.QUICK_APPR_SYST","","","","","",""
"UMSY800-51","__import__.UMSY_800","__import__.TT_Without","__import__.TT","","","","","",""
"","","__import__.MTT_Without","__import__.MTT","","","","","",""
"","","__import__.CC_Without","__import__.CC","","","","","",""
"","","__import__.HV_With","__import__.HV","","","","","",""
"","","__import__.HBT_With","__import__.HBT","","","","","",""
"","","__import__.HVHBT_Without","__import__.HV_AND_HBT","","","","","",""
"","","__import__.HTC_Without","__import__.HYDRAULIC_TOP_CLAMPING","","","","","",""
"","","__import__.DCS_With","__import__.DEVIATION_CS","","","","","",""
"","","__import__.QAPPRS_Without","__import__.QUICK_APPR_SYST","","","","","",""
"UMSY800-510","__import__.UMSY_800","__import__.TT_With","__import__.TT","","","","","",""
"","","__import__.MTT_With","__import__.MTT","","","","","",""
"","","__import__.CC_With","__import__.CC","","","","","",""
"","","__import__.HV_With","__import__.HV","","","","","",""
"","","__import__.HBT_With","__import__.HBT","","","","","",""
"","","__import__.HVHBT_With","__import__.HV_AND_HBT","","","","","",""
"","","__import__.HTC_With","__import__.HYDRAULIC_TOP_CLAMPING","","","","","",""
"","","__import__.DCS_Without","__import__.DEVIATION_CS","","","","","",""
"","","__import__.QAPPRS_With","__import__.QUICK_APPR_SYST","","","","","",""
"UMSY800-511","__import__.UMSY_800","__import__.TT_With","__import__.TT","","","","","",""
"","","__import__.MTT_With","__import__.MTT","","","","","",""
"","","__import__.CC_With","__import__.CC","","","","","",""
"","","__import__.HV_With","__import__.HV","","","","","",""
"","","__import__.HBT_With","__import__.HBT","","","","","",""
"","","__import__.HVHBT_With","__import__.HV_AND_HBT","","","","","",""
"","","__import__.HTC_With","__import__.HYDRAULIC_TOP_CLAMPING","","","","","",""
"","","__import__.DCS_With","__import__.DEVIATION_CS","","","","","",""
"","","__import__.QAPPRS_Without","__import__.QUICK_APPR_SYST","","","","","",""
"UMSY800-512","__import__.UMSY_800","__import__.TT_With","__import__.TT","","","","","",""
"","","__import__.MTT_With","__import__.MTT","","","","","",""
"","","__import__.CC_With","__import__.CC","","","","","",""
"","","__import__.HV_With","__import__.HV","","","","","",""
"","","__import__.HBT_With","__import__.HBT","","","","","",""
"","","__import__.HVHBT_With","__import__.HV_AND_HBT","","","","","",""
"","","__import__.HTC_With","__import__.HYDRAULIC_TOP_CLAMPING","","","","","",""
"","","__import__.DCS_With","__import__.DEVIATION_CS","","","","","",""
"","","__import__.QAPPRS_With","__import__.QUICK_APPR_SYST","","","","","",""
"UMSY800-52","__import__.UMSY_800","__import__.TT_Without","__import__.TT","","","","","",""
"","","__import__.MTT_Without","__import__.MTT","","","","","",""
"","","__import__.CC_Without","__import__.CC","","","","","",""
"","","__import__.HV_With","__import__.HV","","","","","",""
"","","__import__.HBT_With","__import__.HBT","","","","","",""
"","","__import__.HVHBT_Without","__import__.HV_AND_HBT","","","","","",""
"","","__import__.HTC_Without","__import__.HYDRAULIC_TOP_CLAMPING","","","","","",""
"","","__import__.DCS_With","__import__.DEVIATION_CS","","","","","",""
"","","__import__.QAPPRS_With","__import__.QUICK_APPR_SYST","","","","","",""
"UMSY800-53","__import__.UMSY_800","__import__.TT_Without","__import__.TT","","","","","",""
"","","__import__.MTT_Without","__import__.MTT","","","","","",""
"","","__import__.CC_Without","__import__.CC","","","","","",""
"","","__import__.HV_With","__import__.HV","","","","","",""
"","","__import__.HBT_With","__import__.HBT","","","","","",""
"","","__import__.HVHBT_Without","__import__.HV_AND_HBT","","","","","",""
"","","__import__.HTC_With","__import__.HYDRAULIC_TOP_CLAMPING","","","","","",""
"","","__import__.DCS_Without","__import__.DEVIATION_CS","","","","","",""
"","","__import__.QAPPRS_Without","__import__.QUICK_APPR_SYST","","","","","",""
"UMSY800-54","__import__.UMSY_800","__import__.TT_Without","__import__.TT","","","","","",""
"","","__import__.MTT_Without","__import__.MTT","","","","","",""
"","","__import__.CC_Without","__import__.CC","","","","","",""
"","","__import__.HV_With","__import__.HV","","","","","",""
"","","__import__.HBT_With","__import__.HBT","","","","","",""
"","","__import__.HVHBT_Without","__import__.HV_AND_HBT","","","","","",""
"","","__import__.HTC_With","__import__.HYDRAULIC_TOP_CLAMPING","","","","","",""
"","","__import__.DCS_Without","__import__.DEVIATION_CS","","","","","",""
"","","__import__.QAPPRS_With","__import__.QUICK_APPR_SYST","","","","","",""
"UMSY800-55","__import__.UMSY_800","__import__.TT_Without","__import__.TT","","","","","",""
"","","__import__.MTT_Without","__import__.MTT","","","","","",""
"","","__import__.CC_Without","__import__.CC","","","","","",""
"","","__import__.HV_With","__import__.HV","","","","","",""
"","","__import__.HBT_With","__import__.HBT","","","","","",""
"","","__import__.HVHBT_Without","__import__.HV_AND_HBT","","","","","",""
"","","__import__.HTC_With","__import__.HYDRAULIC_TOP_CLAMPING","","","","","",""
"","","__import__.DCS_With","__import__.DEVIATION_CS","","","","","",""
"","","__import__.QAPPRS_Without","__import__.QUICK_APPR_SYST","","","","","",""
"UMSY800-56","__import__.UMSY_800","__import__.TT_Without","__import__.TT","","","","","",""
"","","__import__.MTT_Without","__import__.MTT","","","","","",""
"","","__import__.CC_Without","__import__.CC","","","","","",""
"","","__import__.HV_With","__import__.HV","","","","","",""
"","","__import__.HBT_With","__import__.HBT","","","","","",""
"","","__import__.HVHBT_Without","__import__.HV_AND_HBT","","","","","",""
"","","__import__.HTC_With","__import__.HYDRAULIC_TOP_CLAMPING","","","","","",""
"","","__import__.DCS_With","__import__.DEVIATION_CS","","","","","",""
"","","__import__.QAPPRS_With","__import__.QUICK_APPR_SYST","","","","","",""
"UMSY800-57","__import__.UMSY_800","__import__.TT_Without","__import__.TT","","","","","",""
"","","__import__.MTT_Without","__import__.MTT","","","","","",""
"","","__import__.CC_Without","__import__.CC","","","","","",""
"","","__import__.HV_With","__import__.HV","","","","","",""
"","","__import__.HBT_With","__import__.HBT","","","","","",""
"","","__import__.HVHBT_With","__import__.HV_AND_HBT","","","","","",""
"","","__import__.HTC_Without","__import__.HYDRAULIC_TOP_CLAMPING","","","","","",""
"","","__import__.DCS_Without","__import__.DEVIATION_CS","","","","","",""
"","","__import__.QAPPRS_Without","__import__.QUICK_APPR_SYST","","","","","",""
"UMSY800-58","__import__.UMSY_800","__import__.TT_Without","__import__.TT","","","","","",""
"","","__import__.MTT_Without","__import__.MTT","","","","","",""
"","","__import__.CC_Without","__import__.CC","","","","","",""
"","","__import__.HV_With","__import__.HV","","","","","",""
"","","__import__.HBT_With","__import__.HBT","","","","","",""
"","","__import__.HVHBT_With","__import__.HV_AND_HBT","","","","","",""
"","","__import__.HTC_Without","__import__.HYDRAULIC_TOP_CLAMPING","","","","","",""
"","","__import__.DCS_Without","__import__.DEVIATION_CS","","","","","",""
"","","__import__.QAPPRS_With","__import__.QUICK_APPR_SYST","","","","","",""
"UMSY800-59","__import__.UMSY_800","__import__.TT_Without","__import__.TT","","","","","",""
"","","__import__.MTT_Without","__import__.MTT","","","","","",""
"","","__import__.CC_Without","__import__.CC","","","","","",""
"","","__import__.HV_With","__import__.HV","","","","","",""
"","","__import__.HBT_With","__import__.HBT","","","","","",""
"","","__import__.HVHBT_With","__import__.HV_AND_HBT","","","","","",""
"","","__import__.HTC_Without","__import__.HYDRAULIC_TOP_CLAMPING","","","","","",""
"","","__import__.DCS_With","__import__.DEVIATION_CS","","","","","",""
"","","__import__.QAPPRS_Without","__import__.QUICK_APPR_SYST","","","","","",""
"UMSY800-6","__import__.UMSY_800","__import__.TT_Without","__import__.TT","","","","","",""
"","","__import__.MTT_Without","__import__.MTT","","","","","",""
"","","__import__.CC_Without","__import__.CC","","","","","",""
"","","__import__.HV_Without","__import__.HV","","","","","",""
"","","__import__.HBT_Without","__import__.HBT","","","","","",""
"","","__import__.HVHBT_Without","__import__.HV_AND_HBT","","","","","",""
"","","__import__.HTC_With","__import__.HYDRAULIC_TOP_CLAMPING","","","","","",""
"","","__import__.DCS_Without","__import__.DEVIATION_CS","","","","","",""
"","","__import__.QAPPRS_With","__import__.QUICK_APPR_SYST","","","","","",""
"UMSY800-60","__import__.UMSY_800","__import__.TT_Without","__import__.TT","","","","","",""
"","","__import__.MTT_Without","__import__.MTT","","","","","",""
"","","__import__.CC_Without","__import__.CC","","","","","",""
"","","__import__.HV_With","__import__.HV","","","","","",""
"","","__import__.HBT_With","__import__.HBT","","","","","",""
"","","__import__.HVHBT_With","__import__.HV_AND_HBT","","","","","",""
"","","__import__.HTC_Without","__import__.HYDRAULIC_TOP_CLAMPING","","","","","",""
"","","__import__.DCS_With","__import__.DEVIATION_CS","","","","","",""
"","","__import__.QAPPRS_With","__import__.QUICK_APPR_SYST","","","","","",""
"UMSY800-61","__import__.UMSY_800","__import__.TT_Without","__import__.TT","","","","","",""
"","","__import__.MTT_Without","__import__.MTT","","","","","",""
"","","__import__.CC_Without","__import__.CC","","","","","",""
"","","__import__.HV_With","__import__.HV","","","","","",""
"","","__import__.HBT_With","__import__.HBT","","","","","",""
"","","__import__.HVHBT_With","__import__.HV_AND_HBT","","","","","",""
"","","__import__.HTC_With","__import__.HYDRAULIC_TOP_CLAMPING","","","","","",""
"","","__import__.DCS_Without","__import__.DEVIATION_CS","","","","","",""
"","","__import__.QAPPRS_Without","__import__.QUICK_APPR_SYST","","","","","",""
"UMSY800-62","__import__.UMSY_800","__import__.TT_Without","__import__.TT","","","","","",""
"","","__import__.MTT_Without","__import__.MTT","","","","","",""
"","","__import__.CC_Without","__import__.CC","","","","","",""
"","","__import__.HV_With","__import__.HV","","","","","",""
"","","__import__.HBT_With","__import__.HBT","","","","","",""
"","","__import__.HVHBT_With","__import__.HV_AND_HBT","","","","","",""
"","","__import__.HTC_With","__import__.HYDRAULIC_TOP_CLAMPING","","","","","",""
"","","__import__.DCS_Without","__import__.DEVIATION_CS","","","","","",""
"","","__import__.QAPPRS_With","__import__.QUICK_APPR_SYST","","","","","",""
"UMSY800-63","__import__.UMSY_800","__import__.TT_Without","__import__.TT","","","","","",""
"","","__import__.MTT_Without","__import__.MTT","","","","","",""
"","","__import__.CC_Without","__import__.CC","","","","","",""
"","","__import__.HV_With","__import__.HV","","","","","",""
"","","__import__.HBT_With","__import__.HBT","","","","","",""
"","","__import__.HVHBT_With","__import__.HV_AND_HBT","","","","","",""
"","","__import__.HTC_With","__import__.HYDRAULIC_TOP_CLAMPING","","","","","",""
"","","__import__.DCS_With","__import__.DEVIATION_CS","","","","","",""
"","","__import__.QAPPRS_Without","__import__.QUICK_APPR_SYST","","","","","",""
"UMSY800-64","__import__.UMSY_800","__import__.TT_Without","__import__.TT","","","","","",""
"","","__import__.MTT_Without","__import__.MTT","","","","","",""
"","","__import__.CC_Without","__import__.CC","","","","","",""
"","","__import__.HV_With","__import__.HV","","","","","",""
"","","__import__.HBT_With","__import__.HBT","","","","","",""
"","","__import__.HVHBT_With","__import__.HV_AND_HBT","","","","","",""
"","","__import__.HTC_With","__import__.HYDRAULIC_TOP_CLAMPING","","","","","",""
"","","__import__.DCS_With","__import__.DEVIATION_CS","","","","","",""
"","","__import__.QAPPRS_With","__import__.QUICK_APPR_SYST","","","","","",""
"UMSY800-65","__import__.UMSY_800","__import__.TT_Without","__import__.TT","","","","","",""
"","","__import__.MTT_Without","__import__.MTT","","","","","",""
"","","__import__.CC_With","__import__.CC","","","","","",""
"","","__import__.HV_Without","__import__.HV","","","","","",""
"","","__import__.HBT_Without","__import__.HBT","","","","","",""
"","","__import__.HVHBT_Without","__import__.HV_AND_HBT","","","","","",""
"","","__import__.HTC_Without","__import__.HYDRAULIC_TOP_CLAMPING","","","","","",""
"","","__import__.DCS_Without","__import__.DEVIATION_CS","","","","","",""
"","","__import__.QAPPRS_Without","__import__.QUICK_APPR_SYST","","","","","",""
"UMSY800-66","__import__.UMSY_800","__import__.TT_Without","__import__.TT","","","","","",""
"","","__import__.MTT_Without","__import__.MTT","","","","","",""
"","","__import__.CC_With","__import__.CC","","","","","",""
"","","__import__.HV_Without","__import__.HV","","","","","",""
"","","__import__.HBT_Without","__import__.HBT","","","","","",""
"","","__import__.HVHBT_Without","__import__.HV_AND_HBT","","","","","",""
"","","__import__.HTC_Without","__import__.HYDRAULIC_TOP_CLAMPING","","","","","",""
"","","__import__.DCS_Without","__import__.DEVIATION_CS","","","","","",""
"","","__import__.QAPPRS_With","__import__.QUICK_APPR_SYST","","","","","",""
"UMSY800-67","__import__.UMSY_800","__import__.TT_Without","__import__.TT","","","","","",""
"","","__import__.MTT_Without","__import__.MTT","","","","","",""
"","","__import__.CC_With","__import__.CC","","","","","",""
"","","__import__.HV_Without","__import__.HV","","","","","",""
"","","__import__.HBT_Without","__import__.HBT","","","","","",""
"","","__import__.HVHBT_Without","__import__.HV_AND_HBT","","","","","",""
"","","__import__.HTC_Without","__import__.HYDRAULIC_TOP_CLAMPING","","","","","",""
"","","__import__.DCS_With","__import__.DEVIATION_CS","","","","","",""
"","","__import__.QAPPRS_Without","__import__.QUICK_APPR_SYST","","","","","",""
"UMSY800-68","__import__.UMSY_800","__import__.TT_Without","__import__.TT","","","","","",""
"","","__import__.MTT_Without","__import__.MTT","","","","","",""
"","","__import__.CC_With","__import__.CC","","","","","",""
"","","__import__.HV_Without","__import__.HV","","","","","",""
"","","__import__.HBT_Without","__import__.HBT","","","","","",""
"","","__import__.HVHBT_Without","__import__.HV_AND_HBT","","","","","",""
"","","__import__.HTC_Without","__import__.HYDRAULIC_TOP_CLAMPING","","","","","",""
"","","__import__.DCS_With","__import__.DEVIATION_CS","","","","","",""
"","","__import__.QAPPRS_With","__import__.QUICK_APPR_SYST","","","","","",""
"UMSY800-69","__import__.UMSY_800","__import__.TT_Without","__import__.TT","","","","","",""
"","","__import__.MTT_Without","__import__.MTT","","","","","",""
"","","__import__.CC_With","__import__.CC","","","","","",""
"","","__import__.HV_Without","__import__.HV","","","","","",""
"","","__import__.HBT_Without","__import__.HBT","","","","","",""
"","","__import__.HVHBT_Without","__import__.HV_AND_HBT","","","","","",""
"","","__import__.HTC_With","__import__.HYDRAULIC_TOP_CLAMPING","","","","","",""
"","","__import__.DCS_Without","__import__.DEVIATION_CS","","","","","",""
"","","__import__.QAPPRS_Without","__import__.QUICK_APPR_SYST","","","","","",""
"UMSY800-7","__import__.UMSY_800","__import__.TT_Without","__import__.TT","","","","","",""
"","","__import__.MTT_Without","__import__.MTT","","","","","",""
"","","__import__.CC_Without","__import__.CC","","","","","",""
"","","__import__.HV_Without","__import__.HV","","","","","",""
"","","__import__.HBT_Without","__import__.HBT","","","","","",""
"","","__import__.HVHBT_Without","__import__.HV_AND_HBT","","","","","",""
"","","__import__.HTC_With","__import__.HYDRAULIC_TOP_CLAMPING","","","","","",""
"","","__import__.DCS_With","__import__.DEVIATION_CS","","","","","",""
"","","__import__.QAPPRS_Without","__import__.QUICK_APPR_SYST","","","","","",""
"UMSY800-70","__import__.UMSY_800","__import__.TT_Without","__import__.TT","","","","","",""
"","","__import__.MTT_Without","__import__.MTT","","","","","",""
"","","__import__.CC_With","__import__.CC","","","","","",""
"","","__import__.HV_Without","__import__.HV","","","","","",""
"","","__import__.HBT_Without","__import__.HBT","","","","","",""
"","","__import__.HVHBT_Without","__import__.HV_AND_HBT","","","","","",""
"","","__import__.HTC_With","__import__.HYDRAULIC_TOP_CLAMPING","","","","","",""
"","","__import__.DCS_Without","__import__.DEVIATION_CS","","","","","",""
"","","__import__.QAPPRS_With","__import__.QUICK_APPR_SYST","","","","","",""
"UMSY800-71","__import__.UMSY_800","__import__.TT_Without","__import__.TT","","","","","",""
"","","__import__.MTT_Without","__import__.MTT","","","","","",""
"","","__import__.CC_With","__import__.CC","","","","","",""
"","","__import__.HV_Without","__import__.HV","","","","","",""
"","","__import__.HBT_Without","__import__.HBT","","","","","",""
"","","__import__.HVHBT_Without","__import__.HV_AND_HBT","","","","","",""
"","","__import__.HTC_With","__import__.HYDRAULIC_TOP_CLAMPING","","","","","",""
"","","__import__.DCS_With","__import__.DEVIATION_CS","","","","","",""
"","","__import__.QAPPRS_Without","__import__.QUICK_APPR_SYST","","","","","",""
"UMSY800-72","__import__.UMSY_800","__import__.TT_Without","__import__.TT","","","","","",""
"","","__import__.MTT_Without","__import__.MTT","","","","","",""
"","","__import__.CC_With","__import__.CC","","","","","",""
"","","__import__.HV_Without","__import__.HV","","","","","",""
"","","__import__.HBT_Without","__import__.HBT","","","","","",""
"","","__import__.HVHBT_Without","__import__.HV_AND_HBT","","","","","",""
"","","__import__.HTC_With","__import__.HYDRAULIC_TOP_CLAMPING","","","","","",""
"","","__import__.DCS_With","__import__.DEVIATION_CS","","","","","",""
"","","__import__.QAPPRS_With","__import__.QUICK_APPR_SYST","","","","","",""
"UMSY800-73","__import__.UMSY_800","__import__.TT_Without","__import__.TT","","","","","",""
"","","__import__.MTT_Without","__import__.MTT","","","","","",""
"","","__import__.CC_With","__import__.CC","","","","","",""
"","","__import__.HV_Without","__import__.HV","","","","","",""
"","","__import__.HBT_Without","__import__.HBT","","","","","",""
"","","__import__.HVHBT_With","__import__.HV_AND_HBT","","","","","",""
"","","__import__.HTC_Without","__import__.HYDRAULIC_TOP_CLAMPING","","","","","",""
"","","__import__.DCS_Without","__import__.DEVIATION_CS","","","","","",""
"","","__import__.QAPPRS_Without","__import__.QUICK_APPR_SYST","","","","","",""
"UMSY800-74","__import__.UMSY_800","__import__.TT_Without","__import__.TT","","","","","",""
"","","__import__.MTT_Without","__import__.MTT","","","","","",""
"","","__import__.CC_With","__import__.CC","","","","","",""
"","","__import__.HV_Without","__import__.HV","","","","","",""
"","","__import__.HBT_Without","__import__.HBT","","","","","",""
"","","__import__.HVHBT_With","__import__.HV_AND_HBT","","","","","",""
"","","__import__.HTC_Without","__import__.HYDRAULIC_TOP_CLAMPING","","","","","",""
"","","__import__.DCS_Without","__import__.DEVIATION_CS","","","","","",""
"","","__import__.QAPPRS_With","__import__.QUICK_APPR_SYST","","","","","",""
"UMSY800-75","__import__.UMSY_800","__import__.TT_Without","__import__.TT","","","","","",""
"","","__import__.MTT_Without","__import__.MTT","","","","","",""
"","","__import__.CC_With","__import__.CC","","","","","",""
"","","__import__.HV_Without","__import__.HV","","","","","",""
"","","__import__.HBT_Without","__import__.HBT","","","","","",""
"","","__import__.HVHBT_With","__import__.HV_AND_HBT","","","","","",""
"","","__import__.HTC_Without","__import__.HYDRAULIC_TOP_CLAMPING","","","","","",""
"","","__import__.DCS_With","__import__.DEVIATION_CS","","","","","",""
"","","__import__.QAPPRS_Without","__import__.QUICK_APPR_SYST","","","","","",""
"UMSY800-76","__import__.UMSY_800","__import__.TT_Without","__import__.TT","","","","","",""
"","","__import__.MTT_Without","__import__.MTT","","","","","",""
"","","__import__.CC_With","__import__.CC","","","","","",""
"","","__import__.HV_Without","__import__.HV","","","","","",""
"","","__import__.HBT_Without","__import__.HBT","","","","","",""
"","","__import__.HVHBT_With","__import__.HV_AND_HBT","","","","","",""
"","","__import__.HTC_Without","__import__.HYDRAULIC_TOP_CLAMPING","","","","","",""
"","","__import__.DCS_With","__import__.DEVIATION_CS","","","","","",""
"","","__import__.QAPPRS_With","__import__.QUICK_APPR_SYST","","","","","",""
"UMSY800-77","__import__.UMSY_800","__import__.TT_Without","__import__.TT","","","","","",""
"","","__import__.MTT_Without","__import__.MTT","","","","","",""
"","","__import__.CC_With","__import__.CC","","","","","",""
"","","__import__.HV_Without","__import__.HV","","","","","",""
"","","__import__.HBT_Without","__import__.HBT","","","","","",""
"","","__import__.HVHBT_With","__import__.HV_AND_HBT","","","","","",""
"","","__import__.HTC_With","__import__.HYDRAULIC_TOP_CLAMPING","","","","","",""
"","","__import__.DCS_Without","__import__.DEVIATION_CS","","","","","",""
"","","__import__.QAPPRS_Without","__import__.QUICK_APPR_SYST","","","","","",""
"UMSY800-78","__import__.UMSY_800","__import__.TT_Without","__import__.TT","","","","","",""
"","","__import__.MTT_Without","__import__.MTT","","","","","",""
"","","__import__.CC_With","__import__.CC","","","","","",""
"","","__import__.HV_Without","__import__.HV","","","","","",""
"","","__import__.HBT_Without","__import__.HBT","","","","","",""
"","","__import__.HVHBT_With","__import__.HV_AND_HBT","","","","","",""
"","","__import__.HTC_With","__import__.HYDRAULIC_TOP_CLAMPING","","","","","",""
"","","__import__.DCS_Without","__import__.DEVIATION_CS","","","","","",""
"","","__import__.QAPPRS_With","__import__.QUICK_APPR_SYST","","","","","",""
"UMSY800-79","__import__.UMSY_800","__import__.TT_Without","__import__.TT","","","","","",""
"","","__import__.MTT_Without","__import__.MTT","","","","","",""
"","","__import__.CC_With","__import__.CC","","","","","",""
"","","__import__.HV_Without","__import__.HV","","","","","",""
"","","__import__.HBT_Without","__import__.HBT","","","","","",""
"","","__import__.HVHBT_With","__import__.HV_AND_HBT","","","","","",""
"","","__import__.HTC_With","__import__.HYDRAULIC_TOP_CLAMPING","","","","","",""
"","","__import__.DCS_With","__import__.DEVIATION_CS","","","","","",""
"","","__import__.QAPPRS_Without","__import__.QUICK_APPR_SYST","","","","","",""
"UMSY800-8","__import__.UMSY_800","__import__.TT_Without","__import__.TT","","","","","",""
"","","__import__.MTT_Without","__import__.MTT","","","","","",""
"","","__import__.CC_Without","__import__.CC","","","","","",""
"","","__import__.HV_Without","__import__.HV","","","","","",""
"","","__import__.HBT_Without","__import__.HBT","","","","","",""
"","","__import__.HVHBT_Without","__import__.HV_AND_HBT","","","","","",""
"","","__import__.HTC_With","__import__.HYDRAULIC_TOP_CLAMPING","","","","","",""
"","","__import__.DCS_With","__import__.DEVIATION_CS","","","","","",""
"","","__import__.QAPPRS_With","__import__.QUICK_APPR_SYST","","","","","",""
"UMSY800-80","__import__.UMSY_800","__import__.TT_Without","__import__.TT","","","","","",""
"","","__import__.MTT_Without","__import__.MTT","","","","","",""
"","","__import__.CC_With","__import__.CC","","","","","",""
"","","__import__.HV_Without","__import__.HV","","","","","",""
"","","__import__.HBT_Without","__import__.HBT","","","","","",""
"","","__import__.HVHBT_With","__import__.HV_AND_HBT","","","","","",""
"","","__import__.HTC_With","__import__.HYDRAULIC_TOP_CLAMPING","","","","","",""
"","","__import__.DCS_With","__import__.DEVIATION_CS","","","","","",""
"","","__import__.QAPPRS_With","__import__.QUICK_APPR_SYST","","","","","",""
"UMSY800-81","__import__.UMSY_800","__import__.TT_Without","__import__.TT","","","","","",""
"","","__import__.MTT_Without","__import__.MTT","","","","","",""
"","","__import__.CC_With","__import__.CC","","","","","",""
"","","__import__.HV_Without","__import__.HV","","","","","",""
"","","__import__.HBT_With","__import__.HBT","","","","","",""
"","","__import__.HVHBT_Without","__import__.HV_AND_HBT","","","","","",""
"","","__import__.HTC_Without","__import__.HYDRAULIC_TOP_CLAMPING","","","","","",""
"","","__import__.DCS_Without","__import__.DEVIATION_CS","","","","","",""
"","","__import__.QAPPRS_Without","__import__.QUICK_APPR_SYST","","","","","",""
"UMSY800-82","__import__.UMSY_800","__import__.TT_Without","__import__.TT","","","","","",""
"","","__import__.MTT_Without","__import__.MTT","","","","","",""
"","","__import__.CC_With","__import__.CC","","","","","",""
"","","__import__.HV_Without","__import__.HV","","","","","",""
"","","__import__.HBT_With","__import__.HBT","","","","","",""
"","","__import__.HVHBT_Without","__import__.HV_AND_HBT","","","","","",""
"","","__import__.HTC_Without","__import__.HYDRAULIC_TOP_CLAMPING","","","","","",""
"","","__import__.DCS_Without","__import__.DEVIATION_CS","","","","","",""
"","","__import__.QAPPRS_With","__import__.QUICK_APPR_SYST","","","","","",""
"UMSY800-83","__import__.UMSY_800","__import__.TT_Without","__import__.TT","","","","","",""
"","","__import__.MTT_Without","__import__.MTT","","","","","",""
"","","__import__.CC_With","__import__.CC","","","","","",""
"","","__import__.HV_Without","__import__.HV","","","","","",""
"","","__import__.HBT_With","__import__.HBT","","","","","",""
"","","__import__.HVHBT_Without","__import__.HV_AND_HBT","","","","","",""
"","","__import__.HTC_Without","__import__.HYDRAULIC_TOP_CLAMPING","","","","","",""
"","","__import__.DCS_With","__import__.DEVIATION_CS","","","","","",""
"","","__import__.QAPPRS_Without","__import__.QUICK_APPR_SYST","","","","","",""
"UMSY800-84","__import__.UMSY_800","__import__.TT_Without","__import__.TT","","","","","",""
"","","__import__.MTT_Without","__import__.MTT","","","","","",""
"","","__import__.CC_With","__import__.CC","","","","","",""
"","","__import__.HV_Without","__import__.HV","","","","","",""
"","","__import__.HBT_With","__import__.HBT","","","","","",""
"","","__import__.HVHBT_Without","__import__.HV_AND_HBT","","","","","",""
"","","__import__.HTC_Without","__import__.HYDRAULIC_TOP_CLAMPING","","","","","",""
"","","__import__.DCS_With","__import__.DEVIATION_CS","","","","","",""
"","","__import__.QAPPRS_With","__import__.QUICK_APPR_SYST","","","","","",""
"UMSY800-85","__import__.UMSY_800","__import__.TT_Without","__import__.TT","","","","","",""
"","","__import__.MTT_Without","__import__.MTT","","","","","",""
"","","__import__.CC_With","__import__.CC","","","","","",""
"","","__import__.HV_Without","__import__.HV","","","","","",""
"","","__import__.HBT_With","__import__.HBT","","","","","",""
"","","__import__.HVHBT_Without","__import__.HV_AND_HBT","","","","","",""
"","","__import__.HTC_With","__import__.HYDRAULIC_TOP_CLAMPING","","","","","",""
"","","__import__.DCS_Without","__import__.DEVIATION_CS","","","","","",""
"","","__import__.QAPPRS_Without","__import__.QUICK_APPR_SYST","","","","","",""
"UMSY800-86","__import__.UMSY_800","__import__.TT_Without","__import__.TT","","","","","",""
"","","__import__.MTT_Without","__import__.MTT","","","","","",""
"","","__import__.CC_With","__import__.CC","","","","","",""
"","","__import__.HV_Without","__import__.HV","","","","","",""
"","","__import__.HBT_With","__import__.HBT","","","","","",""
"","","__import__.HVHBT_Without","__import__.HV_AND_HBT","","","","","",""
"","","__import__.HTC_With","__import__.HYDRAULIC_TOP_CLAMPING","","","","","",""
"","","__import__.DCS_Without","__import__.DEVIATION_CS","","","","","",""
"","","__import__.QAPPRS_With","__import__.QUICK_APPR_SYST","","","","","",""
"UMSY800-87","__import__.UMSY_800","__import__.TT_Without","__import__.TT","","","","","",""
"","","__import__.MTT_Without","__import__.MTT","","","","","",""
"","","__import__.CC_With","__import__.CC","","","","","",""
"","","__import__.HV_Without","__import__.HV","","","","","",""
"","","__import__.HBT_With","__import__.HBT","","","","","",""
"","","__import__.HVHBT_Without","__import__.HV_AND_HBT","","","","","",""
"","","__import__.HTC_With","__import__.HYDRAULIC_TOP_CLAMPING","","","","","",""
"","","__import__.DCS_With","__import__.DEVIATION_CS","","","","","",""
"","","__import__.QAPPRS_Without","__import__.QUICK_APPR_SYST","","","","","",""
"UMSY800-88","__import__.UMSY_800","__import__.TT_Without","__import__.TT","","","","","",""
"","","__import__.MTT_Without","__import__.MTT","","","","","",""
"","","__import__.CC_With","__import__.CC","","","","","",""
"","","__import__.HV_Without","__import__.HV","","","","","",""
"","","__import__.HBT_With","__import__.HBT","","","","","",""
"","","__import__.HVHBT_Without","__import__.HV_AND_HBT","","","","","",""
"","","__import__.HTC_With","__import__.HYDRAULIC_TOP_CLAMPING","","","","","",""
"","","__import__.DCS_With","__import__.DEVIATION_CS","","","","","",""
"","","__import__.QAPPRS_With","__import__.QUICK_APPR_SYST","","","","","",""
"UMSY800-89","__import__.UMSY_800","__import__.TT_Without","__import__.TT","","","","","",""
"","","__import__.MTT_Without","__import__.MTT","","","","","",""
"","","__import__.CC_With","__import__.CC","","","","","",""
"","","__import__.HV_Without","__import__.HV","","","","","",""
"","","__import__.HBT_With","__import__.HBT","","","","","",""
"","","__import__.HVHBT_With","__import__.HV_AND_HBT","","","","","",""
"","","__import__.HTC_Without","__import__.HYDRAULIC_TOP_CLAMPING","","","","","",""
"","","__import__.DCS_Without","__import__.DEVIATION_CS","","","","","",""
"","","__import__.QAPPRS_Without","__import__.QUICK_APPR_SYST","","","","","",""
"UMSY800-9","__import__.UMSY_800","__import__.TT_Without","__import__.TT","","","","","",""
"","","__import__.MTT_Without","__import__.MTT","","","","","",""
"","","__import__.CC_Without","__import__.CC","","","","","",""
"","","__import__.HV_Without","__import__.HV","","","","","",""
"","","__import__.HBT_Without","__import__.HBT","","","","","",""
"","","__import__.HVHBT_With","__import__.HV_AND_HBT","","","","","",""
"","","__import__.HTC_Without","__import__.HYDRAULIC_TOP_CLAMPING","","","","","",""
"","","__import__.DCS_Without","__import__.DEVIATION_CS","","","","","",""
"","","__import__.QAPPRS_Without","__import__.QUICK_APPR_SYST","","","","","",""
"UMSY800-90","__import__.UMSY_800","__import__.TT_Without","__import__.TT","","","","","",""
"","","__import__.MTT_Without","__import__.MTT","","","","","",""
"","","__import__.CC_With","__import__.CC","","","","","",""
"","","__import__.HV_Without","__import__.HV","","","","","",""
"","","__import__.HBT_With","__import__.HBT","","","","","",""
"","","__import__.HVHBT_With","__import__.HV_AND_HBT","","","","","",""
"","","__import__.HTC_Without","__import__.HYDRAULIC_TOP_CLAMPING","","","","","",""
"","","__import__.DCS_Without","__import__.DEVIATION_CS","","","","","",""
"","","__import__.QAPPRS_With","__import__.QUICK_APPR_SYST","","","","","",""
"UMSY800-91","__import__.UMSY_800","__import__.TT_Without","__import__.TT","","","","","",""
"","","__import__.MTT_Without","__import__.MTT","","","","","",""
"","","__import__.CC_With","__import__.CC","","","","","",""
"","","__import__.HV_Without","__import__.HV","","","","","",""
"","","__import__.HBT_With","__import__.HBT","","","","","",""
"","","__import__.HVHBT_With","__import__.HV_AND_HBT","","","","","",""
"","","__import__.HTC_Without","__import__.HYDRAULIC_TOP_CLAMPING","","","","","",""
"","","__import__.DCS_With","__import__.DEVIATION_CS","","","","","",""
"","","__import__.QAPPRS_Without","__import__.QUICK_APPR_SYST","","","","","",""
"UMSY800-92","__import__.UMSY_800","__import__.TT_Without","__import__.TT","","","","","",""
"","","__import__.MTT_Without","__import__.MTT","","","","","",""
"","","__import__.CC_With","__import__.CC","","","","","",""
"","","__import__.HV_Without","__import__.HV","","","","","",""
"","","__import__.HBT_With","__import__.HBT","","","","","",""
"","","__import__.HVHBT_With","__import__.HV_AND_HBT","","","","","",""
"","","__import__.HTC_Without","__import__.HYDRAULIC_TOP_CLAMPING","","","","","",""
"","","__import__.DCS_With","__import__.DEVIATION_CS","","","","","",""
"","","__import__.QAPPRS_With","__import__.QUICK_APPR_SYST","","","","","",""
"UMSY800-93","__import__.UMSY_800","__import__.TT_Without","__import__.TT","","","","","",""
"","","__import__.MTT_Without","__import__.MTT","","","","","",""
"","","__import__.CC_With","__import__.CC","","","","","",""
"","","__import__.HV_Without","__import__.HV","","","","","",""
"","","__import__.HBT_With","__import__.HBT","","","","","",""
"","","__import__.HVHBT_With","__import__.HV_AND_HBT","","","","","",""
"","","__import__.HTC_With","__import__.HYDRAULIC_TOP_CLAMPING","","","","","",""
"","","__import__.DCS_Without","__import__.DEVIATION_CS","","","","","",""
"","","__import__.QAPPRS_Without","__import__.QUICK_APPR_SYST","","","","","",""
"UMSY800-94","__import__.UMSY_800","__import__.TT_Without","__import__.TT","","","","","",""
"","","__import__.MTT_Without","__import__.MTT","","","","","",""
"","","__import__.CC_With","__import__.CC","","","","","",""
"","","__import__.HV_Without","__import__.HV","","","","","",""
"","","__import__.HBT_With","__import__.HBT","","","","","",""
"","","__import__.HVHBT_With","__import__.HV_AND_HBT","","","","","",""
"","","__import__.HTC_With","__import__.HYDRAULIC_TOP_CLAMPING","","","","","",""
"","","__import__.DCS_Without","__import__.DEVIATION_CS","","","","","",""
"","","__import__.QAPPRS_With","__import__.QUICK_APPR_SYST","","","","","",""
"UMSY800-95","__import__.UMSY_800","__import__.TT_Without","__import__.TT","","","","","",""
"","","__import__.MTT_Without","__import__.MTT","","","","","",""
"","","__import__.CC_With","__import__.CC","","","","","",""
"","","__import__.HV_Without","__import__.HV","","","","","",""
"","","__import__.HBT_With","__import__.HBT","","","","","",""
"","","__import__.HVHBT_With","__import__.HV_AND_HBT","","","","","",""
"","","__import__.HTC_With","__import__.HYDRAULIC_TOP_CLAMPING","","","","","",""
"","","__import__.DCS_With","__import__.DEVIATION_CS","","","","","",""
"","","__import__.QAPPRS_Without","__import__.QUICK_APPR_SYST","","","","","",""
"UMSY800-96","__import__.UMSY_800","__import__.TT_Without","__import__.TT","","","","","",""
"","","__import__.MTT_Without","__import__.MTT","","","","","",""
"","","__import__.CC_With","__import__.CC","","","","","",""
"","","__import__.HV_Without","__import__.HV","","","","","",""
"","","__import__.HBT_With","__import__.HBT","","","","","",""
"","","__import__.HVHBT_With","__import__.HV_AND_HBT","","","","","",""
"","","__import__.HTC_With","__import__.HYDRAULIC_TOP_CLAMPING","","","","","",""
"","","__import__.DCS_With","__import__.DEVIATION_CS","","","","","",""
"","","__import__.QAPPRS_With","__import__.QUICK_APPR_SYST","","","","","",""
"UMSY800-97","__import__.UMSY_800","__import__.TT_Without","__import__.TT","","","","","",""
"","","__import__.MTT_Without","__import__.MTT","","","","","",""
"","","__import__.CC_With","__import__.CC","","","","","",""
"","","__import__.HV_With","__import__.HV","","","","","",""
"","","__import__.HBT_Without","__import__.HBT","","","","","",""
"","","__import__.HVHBT_Without","__import__.HV_AND_HBT","","","","","",""
"","","__import__.HTC_Without","__import__.HYDRAULIC_TOP_CLAMPING","","","","","",""
"","","__import__.DCS_Without","__import__.DEVIATION_CS","","","","","",""
"","","__import__.QAPPRS_Without","__import__.QUICK_APPR_SYST","","","","","",""
"UMSY800-98","__import__.UMSY_800","__import__.TT_Without","__import__.TT","","","","","",""
"","","__import__.MTT_Without","__import__.MTT","","","","","",""
"","","__import__.CC_With","__import__.CC","","","","","",""
"","","__import__.HV_With","__import__.HV","","","","","",""
"","","__import__.HBT_Without","__import__.HBT","","","","","",""
"","","__import__.HVHBT_Without","__import__.HV_AND_HBT","","","","","",""
"","","__import__.HTC_Without","__import__.HYDRAULIC_TOP_CLAMPING","","","","","",""
"","","__import__.DCS_Without","__import__.DEVIATION_CS","","","","","",""
"","","__import__.QAPPRS_With","__import__.QUICK_APPR_SYST","","","","","",""
"UMSY800-99","__import__.UMSY_800","__import__.TT_Without","__import__.TT","","","","","",""
"","","__import__.MTT_Without","__import__.MTT","","","","","",""
"","","__import__.CC_With","__import__.CC","","","","","",""
"","","__import__.HV_With","__import__.HV","","","","","",""
"","","__import__.HBT_Without","__import__.HBT","","","","","",""
"","","__import__.HVHBT_Without","__import__.HV_AND_HBT","","","","","",""
"","","__import__.HTC_Without","__import__.HYDRAULIC_TOP_CLAMPING","","","","","",""
"","","__import__.DCS_With","__import__.DEVIATION_CS","","","","","",""
"","","__import__.QAPPRS_Without","__import__.QUICK_APPR_SYST","","","","","",""
"UMSY800HAD-1","__import__.UMSY_800_HAD","__import__.CC_Without","__import__.CC","","","","","",""
"","","__import__.HBT_Without","__import__.HBT","","","","","",""
"","","__import__.ADJHV_Without","__import__.ADJ_HEX_V","","","","","",""
"","","__import__.DCS_Without","__import__.DEVIATION_CS","","","","","",""
"UMSY800HAD-10","__import__.UMSY_800_HAD","__import__.CC_With","__import__.CC","","","","","",""
"","","__import__.HBT_Without","__import__.HBT","","","","","",""
"","","__import__.ADJHV_Without","__import__.ADJ_HEX_V","","","","","",""
"","","__import__.DCS_With","__import__.DEVIATION_CS","","","","","",""
"UMSY800HAD-11","__import__.UMSY_800_HAD","__import__.CC_With","__import__.CC","","","","","",""
"","","__import__.HBT_Without","__import__.HBT","","","","","",""
"","","__import__.ADJHV_With","__import__.ADJ_HEX_V","","","","","",""
"","","__import__.DCS_Without","__import__.DEVIATION_CS","","","","","",""
"UMSY800HAD-12","__import__.UMSY_800_HAD","__import__.CC_With","__import__.CC","","","","","",""
"","","__import__.HBT_Without","__import__.HBT","","","","","",""
"","","__import__.ADJHV_With","__import__.ADJ_HEX_V","","","","","",""
"","","__import__.DCS_With","__import__.DEVIATION_CS","","","","","",""
"UMSY800HAD-13","__import__.UMSY_800_HAD","__import__.CC_With","__import__.CC","","","","","",""
"","","__import__.HBT_With","__import__.HBT","","","","","",""
"","","__import__.ADJHV_Without","__import__.ADJ_HEX_V","","","","","",""
"","","__import__.DCS_Without","__import__.DEVIATION_CS","","","","","",""
"UMSY800HAD-14","__import__.UMSY_800_HAD","__import__.CC_With","__import__.CC","","","","","",""
"","","__import__.HBT_With","__import__.HBT","","","","","",""
"","","__import__.ADJHV_Without","__import__.ADJ_HEX_V","","","","","",""
"","","__import__.DCS_With","__import__.DEVIATION_CS","","","","","",""
"UMSY800HAD-15","__import__.UMSY_800_HAD","__import__.CC_With","__import__.CC","","","","","",""
"","","__import__.HBT_With","__import__.HBT","","","","","",""
"","","__import__.ADJHV_With","__import__.ADJ_HEX_V","","","","","",""
"","","__import__.DCS_Without","__import__.DEVIATION_CS","","","","","",""
"UMSY800HAD-16","__import__.UMSY_800_HAD","__import__.CC_With","__import__.CC","","","","","",""
"","","__import__.HBT_With","__import__.HBT","","","","","",""
"","","__import__.ADJHV_With","__import__.ADJ_HEX_V","","","","","",""
"","","__import__.DCS_With","__import__.DEVIATION_CS","","","","","",""
"UMSY800HAD-2","__import__.UMSY_800_HAD","__import__.CC_Without","__import__.CC","","","","","",""
"","","__import__.HBT_Without","__import__.HBT","","","","","",""
"","","__import__.ADJHV_Without","__import__.ADJ_HEX_V","","","","","",""
"","","__import__.DCS_With","__import__.DEVIATION_CS","","","","","",""
"UMSY800HAD-3","__import__.UMSY_800_HAD","__import__.CC_Without","__import__.CC","","","","","",""
"","","__import__.HBT_Without","__import__.HBT","","","","","",""
"","","__import__.ADJHV_With","__import__.ADJ_HEX_V","","","","","",""
"","","__import__.DCS_Without","__import__.DEVIATION_CS","","","","","",""
"UMSY800HAD-4","__import__.UMSY_800_HAD","__import__.CC_Without","__import__.CC","","","","","",""
"","","__import__.HBT_Without","__import__.HBT","","","","","",""
"","","__import__.ADJHV_With","__import__.ADJ_HEX_V","","","","","",""
"","","__import__.DCS_With","__import__.DEVIATION_CS","","","","","",""
"UMSY800HAD-5","__import__.UMSY_800_HAD","__import__.CC_Without","__import__.CC","","","","","",""
"","","__import__.HBT_With","__import__.HBT","","","","","",""
"","","__import__.ADJHV_Without","__import__.ADJ_HEX_V","","","","","",""
"","","__import__.DCS_Without","__import__.DEVIATION_CS","","","","","",""
"UMSY800HAD-6","__import__.UMSY_800_HAD","__import__.CC_Without","__import__.CC","","","","","",""
"","","__import__.HBT_With","__import__.HBT","","","","","",""
"","","__import__.ADJHV_Without","__import__.ADJ_HEX_V","","","","","",""
"","","__import__.DCS_With","__import__.DEVIATION_CS","","","","","",""
"UMSY800HAD-7","__import__.UMSY_800_HAD","__import__.CC_Without","__import__.CC","","","","","",""
"","","__import__.HBT_With","__import__.HBT","","","","","",""
"","","__import__.ADJHV_With","__import__.ADJ_HEX_V","","","","","",""
"","","__import__.DCS_Without","__import__.DEVIATION_CS","","","","","",""
"UMSY800HAD-8","__import__.UMSY_800_HAD","__import__.CC_Without","__import__.CC","","","","","",""
"","","__import__.HBT_With","__import__.HBT","","","","","",""
"","","__import__.ADJHV_With","__import__.ADJ_HEX_V","","","","","",""
"","","__import__.DCS_With","__import__.DEVIATION_CS","","","","","",""
"UMSY800HAD-9","__import__.UMSY_800_HAD","__import__.CC_With","__import__.CC","","","","","",""
"","","__import__.HBT_Without","__import__.HBT","","","","","",""
"","","__import__.ADJHV_Without","__import__.ADJ_HEX_V","","","","","",""
"","","__import__.DCS_Without","__import__.DEVIATION_CS","","","","","",""
"UMSY900SP-1","__import__.UMSY_900_SP","__import__.CC_Without","__import__.CC","","","","","",""
"","","__import__.HTC_Without","__import__.HYDRAULIC_TOP_CLAMPING","","","","","",""
"","","__import__.DCS_Without","__import__.DEVIATION_CS","","","","","",""
"","","__import__.QAPPRS_Without","__import__.QUICK_APPR_SYST","","","","","",""
"UMSY900SP-10","__import__.UMSY_900_SP","__import__.CC_With","__import__.CC","","","","","",""
"","","__import__.HTC_Without","__import__.HYDRAULIC_TOP_CLAMPING","","","","","",""
"","","__import__.DCS_Without","__import__.DEVIATION_CS","","","","","",""
"","","__import__.QAPPRS_With","__import__.QUICK_APPR_SYST","","","","","",""
"UMSY900SP-11","__import__.UMSY_900_SP","__import__.CC_With","__import__.CC","","","","","",""
"","","__import__.HTC_Without","__import__.HYDRAULIC_TOP_CLAMPING","","","","","",""
"","","__import__.DCS_With","__import__.DEVIATION_CS","","","","","",""
"","","__import__.QAPPRS_Without","__import__.QUICK_APPR_SYST","","","","","",""
"UMSY900SP-12","__import__.UMSY_900_SP","__import__.CC_With","__import__.CC","","","","","",""
"","","__import__.HTC_Without","__import__.HYDRAULIC_TOP_CLAMPING","","","","","",""
"","","__import__.DCS_With","__import__.DEVIATION_CS","","","","","",""
"","","__import__.QAPPRS_With","__import__.QUICK_APPR_SYST","","","","","",""
"UMSY900SP-13","__import__.UMSY_900_SP","__import__.CC_With","__import__.CC","","","","","",""
"","","__import__.HTC_With","__import__.HYDRAULIC_TOP_CLAMPING","","","","","",""
"","","__import__.DCS_Without","__import__.DEVIATION_CS","","","","","",""
"","","__import__.QAPPRS_Without","__import__.QUICK_APPR_SYST","","","","","",""
"UMSY900SP-14","__import__.UMSY_900_SP","__import__.CC_With","__import__.CC","","","","","",""
"","","__import__.HTC_With","__import__.HYDRAULIC_TOP_CLAMPING","","","","","",""
"","","__import__.DCS_Without","__import__.DEVIATION_CS","","","","","",""
"","","__import__.QAPPRS_With","__import__.QUICK_APPR_SYST","","","","","",""
"UMSY900SP-15","__import__.UMSY_900_SP","__import__.CC_With","__import__.CC","","","","","",""
"","","__import__.HTC_With","__import__.HYDRAULIC_TOP_CLAMPING","","","","","",""
"","","__import__.DCS_With","__import__.DEVIATION_CS","","","","","",""
"","","__import__.QAPPRS_Without","__import__.QUICK_APPR_SYST","","","","","",""
"UMSY900SP-16","__import__.UMSY_900_SP","__import__.CC_With","__import__.CC","","","","","",""
"","","__import__.HTC_With","__import__.HYDRAULIC_TOP_CLAMPING","","","","","",""
"","","__import__.DCS_With","__import__.DEVIATION_CS","","","","","",""
"","","__import__.QAPPRS_With","__import__.QUICK_APPR_SYST","","","","","",""
"UMSY900SP-2","__import__.UMSY_900_SP","__import__.CC_Without","__import__.CC","","","","","",""
"","","__import__.HTC_Without","__import__.HYDRAULIC_TOP_CLAMPING","","","","","",""
"","","__import__.DCS_Without","__import__.DEVIATION_CS","","","","","",""
"","","__import__.QAPPRS_With","__import__.QUICK_APPR_SYST","","","","","",""
"UMSY900SP-3","__import__.UMSY_900_SP","__import__.CC_Without","__import__.CC","","","","","",""
"","","__import__.HTC_Without","__import__.HYDRAULIC_TOP_CLAMPING","","","","","",""
"","","__import__.DCS_With","__import__.DEVIATION_CS","","","","","",""
"","","__import__.QAPPRS_Without","__import__.QUICK_APPR_SYST","","","","","",""
"UMSY900SP-4","__import__.UMSY_900_SP","__import__.CC_Without","__import__.CC","","","","","",""
"","","__import__.HTC_Without","__import__.HYDRAULIC_TOP_CLAMPING","","","","","",""
"","","__import__.DCS_With","__import__.DEVIATION_CS","","","","","",""
"","","__import__.QAPPRS_With","__import__.QUICK_APPR_SYST","","","","","",""
"UMSY900SP-5","__import__.UMSY_900_SP","__import__.CC_Without","__import__.CC","","","","","",""
"","","__import__.HTC_With","__import__.HYDRAULIC_TOP_CLAMPING","","","","","",""
"","","__import__.DCS_Without","__import__.DEVIATION_CS","","","","","",""
"","","__import__.QAPPRS_Without","__import__.QUICK_APPR_SYST","","","","","",""
"UMSY900SP-6","__import__.UMSY_900_SP","__import__.CC_Without","__import__.CC","","","","","",""
"","","__import__.HTC_With","__import__.HYDRAULIC_TOP_CLAMPING","","","","","",""
"","","__import__.DCS_Without","__import__.DEVIATION_CS","","","","","",""
"","","__import__.QAPPRS_With","__import__.QUICK_APPR_SYST","","","","","",""
"UMSY900SP-7","__import__.UMSY_900_SP","__import__.CC_Without","__import__.CC","","","","","",""
"","","__import__.HTC_With","__import__.HYDRAULIC_TOP_CLAMPING","","","","","",""
"","","__import__.DCS_With","__import__.DEVIATION_CS","","","","","",""
"","","__import__.QAPPRS_Without","__import__.QUICK_APPR_SYST","","","","","",""
"UMSY900SP-8","__import__.UMSY_900_SP","__import__.CC_Without","__import__.CC","","","","","",""
"","","__import__.HTC_With","__import__.HYDRAULIC_TOP_CLAMPING","","","","","",""
"","","__import__.DCS_With","__import__.DEVIATION_CS","","","","","",""
"","","__import__.QAPPRS_With","__import__.QUICK_APPR_SYST","","","","","",""
"UMSY900SP-9","__import__.UMSY_900_SP","__import__.CC_With","__import__.CC","","","","","",""
"","","__import__.HTC_Without","__import__.HYDRAULIC_TOP_CLAMPING","","","","","",""
"","","__import__.DCS_Without","__import__.DEVIATION_CS","","","","","",""
"","","__import__.QAPPRS_Without","__import__.QUICK_APPR_SYST","","","","","",""
"UZBLOCK500x500x3500-1","__import__.UZBLOCK_500x500x3500","","","","","","","",""
"UZBLOCK600x700x4500-1","__import__.UZBLOCK_600x700x4500","","","","","","","",""
"UZBLOCK700x1100x4500-1","__import__.UZBLOCK_700x1100x4500","","","","","","","",""
"UZV600x1500-1","__import__.UZV_600x1500","","","","","","","",""
"UZV700x2000-1","__import__.UZV_700x2000","","","","","","","",""
"","__export__.product_template_2414_e5ac611e","","","","","","","",""
"","__export__.product_template_2178_d6e4acc4","","","","","","","",""
"","__export__.product_template_2408_86e8738b","","","","","","","",""
"","__export__.product_template_2409_ea0905f3","","","","","","","",""
